-- MediGuide AI seed data (auto-generated by dataset/generate_dataset.py)

-- departments: 20 rows
INSERT INTO departments (id, name, description, floor_number, building_name, contact_number, office_hours, avg_waiting_time_minutes, keywords) VALUES (1, 'General Medicine', 'Everyday illness, fever, general checkups', 1, 'Main Building', '+91-40-4000-1001', 'Mon-Sat 09:00-17:00', 10, 'General,Fever,Cold,Cough,Checkup,OPD');
INSERT INTO departments (id, name, description, floor_number, building_name, contact_number, office_hours, avg_waiting_time_minutes, keywords) VALUES (2, 'Cardiology', 'Heart disease and cardiovascular care', 3, 'Main Building', '+91-40-4000-1002', 'Mon-Sat 09:00-17:00', 10, 'Heart,Chest Pain,Cardiac,ECG,Blood Pressure');
INSERT INTO departments (id, name, description, floor_number, building_name, contact_number, office_hours, avg_waiting_time_minutes, keywords) VALUES (3, 'Orthopedics', 'Bone, joint, and spine care', 2, 'Main Building', '+91-40-4000-1003', 'Mon-Sat 09:00-17:00', 20, 'Bone,Fracture,Joint,Spine,Back Pain');
INSERT INTO departments (id, name, description, floor_number, building_name, contact_number, office_hours, avg_waiting_time_minutes, keywords) VALUES (4, 'Neurology', 'Brain and nervous system disorders', 4, 'Main Building', '+91-40-4000-1004', 'Mon-Sat 09:00-17:00', 15, 'Brain,Nerve,Headache,Migraine,Stroke,Seizure');
INSERT INTO departments (id, name, description, floor_number, building_name, contact_number, office_hours, avg_waiting_time_minutes, keywords) VALUES (5, 'Gastroenterology', 'Digestive system care', 2, 'Main Building', '+91-40-4000-1005', 'Mon-Sat 09:00-17:00', 15, 'Stomach,Digestion,Liver,Ulcer,Acidity');
INSERT INTO departments (id, name, description, floor_number, building_name, contact_number, office_hours, avg_waiting_time_minutes, keywords) VALUES (6, 'Pulmonology', 'Breathing and respiratory disorders', 3, 'Main Building', '+91-40-4000-1006', 'Mon-Sat 09:00-17:00', 15, 'Lungs,Breathing,Asthma,Cough,Respiratory');
INSERT INTO departments (id, name, description, floor_number, building_name, contact_number, office_hours, avg_waiting_time_minutes, keywords) VALUES (7, 'Oncology', 'Cancer diagnosis and treatment', 5, 'Cancer Care Building', '+91-40-4000-1007', 'Mon-Sat 09:00-17:00', 10, 'Cancer,Tumor,Chemotherapy,Oncology');
INSERT INTO departments (id, name, description, floor_number, building_name, contact_number, office_hours, avg_waiting_time_minutes, keywords) VALUES (8, 'Pediatrics', 'Child healthcare', 1, 'Main Building', '+91-40-4000-1008', 'Mon-Sat 09:00-17:00', 30, 'Child,Baby,Infant,Vaccination,Pediatric');
INSERT INTO departments (id, name, description, floor_number, building_name, contact_number, office_hours, avg_waiting_time_minutes, keywords) VALUES (9, 'Gynecology', 'Women''s health and maternity', 2, 'Main Building', '+91-40-4000-1009', 'Mon-Sat 09:00-17:00', 10, 'Pregnancy,Women,Maternity,Gynecology');
INSERT INTO departments (id, name, description, floor_number, building_name, contact_number, office_hours, avg_waiting_time_minutes, keywords) VALUES (10, 'Dermatology', 'Skin, hair, and nail care', 1, 'Main Building', '+91-40-4000-1010', 'Mon-Sat 09:00-17:00', 30, 'Skin,Rash,Allergy,Hair,Dermatology');
INSERT INTO departments (id, name, description, floor_number, building_name, contact_number, office_hours, avg_waiting_time_minutes, keywords) VALUES (11, 'ENT', 'Ear, nose, and throat care', 1, 'Main Building', '+91-40-4000-1011', 'Mon-Sat 09:00-17:00', 25, 'Ear,Nose,Throat,Hearing,Sinus');
INSERT INTO departments (id, name, description, floor_number, building_name, contact_number, office_hours, avg_waiting_time_minutes, keywords) VALUES (12, 'Ophthalmology', 'Eye care', 1, 'Main Building', '+91-40-4000-1012', 'Mon-Sat 09:00-17:00', 10, 'Eye,Vision,Cataract,Ophthalmology');
INSERT INTO departments (id, name, description, floor_number, building_name, contact_number, office_hours, avg_waiting_time_minutes, keywords) VALUES (13, 'Dentistry', 'Dental and oral care', 0, 'Main Building', '+91-40-4000-1013', 'Mon-Sat 09:00-17:00', 10, 'Teeth,Dental,Tooth,Oral');
INSERT INTO departments (id, name, description, floor_number, building_name, contact_number, office_hours, avg_waiting_time_minutes, keywords) VALUES (14, 'Psychiatry', 'Mental health care', 4, 'Main Building', '+91-40-4000-1014', 'Mon-Sat 09:00-17:00', 10, 'Mental Health,Anxiety,Depression,Psychiatry');
INSERT INTO departments (id, name, description, floor_number, building_name, contact_number, office_hours, avg_waiting_time_minutes, keywords) VALUES (15, 'Nephrology', 'Kidney care', 3, 'Main Building', '+91-40-4000-1015', 'Mon-Sat 09:00-17:00', 15, 'Kidney,Dialysis,Nephrology');
INSERT INTO departments (id, name, description, floor_number, building_name, contact_number, office_hours, avg_waiting_time_minutes, keywords) VALUES (16, 'Urology', 'Urinary system care', 3, 'Main Building', '+91-40-4000-1016', 'Mon-Sat 09:00-17:00', 15, 'Urinary,Bladder,Prostate,Urology');
INSERT INTO departments (id, name, description, floor_number, building_name, contact_number, office_hours, avg_waiting_time_minutes, keywords) VALUES (17, 'Emergency', '24x7 emergency and trauma care', 0, 'Main Building', '+91-40-4000-1017', '24x7', 30, 'Emergency,Trauma,Accident,Urgent,Casualty');
INSERT INTO departments (id, name, description, floor_number, building_name, contact_number, office_hours, avg_waiting_time_minutes, keywords) VALUES (18, 'Radiology & Imaging', 'X-ray, CT, MRI, ultrasound', 0, 'Diagnostics Building', '+91-40-4000-1018', 'Mon-Sat 09:00-17:00', 30, 'X-ray,Scan,MRI,CT,Ultrasound,Imaging');
INSERT INTO departments (id, name, description, floor_number, building_name, contact_number, office_hours, avg_waiting_time_minutes, keywords) VALUES (19, 'Laboratory', 'Blood tests and diagnostics', 0, 'Diagnostics Building', '+91-40-4000-1019', 'Mon-Sat 09:00-17:00', 10, 'Blood Test,Lab,Sample,Diagnostics,Pathology');
INSERT INTO departments (id, name, description, floor_number, building_name, contact_number, office_hours, avg_waiting_time_minutes, keywords) VALUES (20, 'Pharmacy', 'Medicine dispensing', 0, 'Main Building', '+91-40-4000-1020', 'Mon-Sat 09:00-17:00', 30, 'Medicine,Pharmacy,Drugs,Prescription');

-- doctors: 140 rows
INSERT INTO doctors (id, full_name, department_id, designation, qualification, consultation_fee, room_number, available_days, available_time, experience_years) VALUES (1, 'Dr. Anita Menon', 7, 'Associate Professor', 'MBBS, DNB', 600, '526', 'Mon,Wed,Fri', '10:00-14:00', 24);
INSERT INTO doctors (id, full_name, department_id, designation, qualification, consultation_fee, room_number, available_days, available_time, experience_years) VALUES (2, 'Dr. Suresh Naidu', 14, 'Senior Consultant', 'MBBS, MS', 1500, '411', 'Mon,Wed,Fri', '09:00-13:00', 14);
INSERT INTO doctors (id, full_name, department_id, designation, qualification, consultation_fee, room_number, available_days, available_time, experience_years) VALUES (3, 'Dr. Ramesh Chatterjee', 4, 'Head of Department', 'MBBS, DM', 1500, '402', 'Mon,Tue,Wed,Thu,Fri', '09:00-17:00', 5);
INSERT INTO doctors (id, full_name, department_id, designation, qualification, consultation_fee, room_number, available_days, available_time, experience_years) VALUES (4, 'Dr. Reyansh Patel', 13, 'Assistant Professor', 'MBBS', 1000, '029', 'Mon-Fri', '09:00-17:00', 8);
INSERT INTO doctors (id, full_name, department_id, designation, qualification, consultation_fee, room_number, available_days, available_time, experience_years) VALUES (5, 'Dr. Aditya Menon', 3, 'Assistant Professor', 'MBBS, MD', 1500, '208', 'Mon,Wed,Fri', '16:00-20:00', 10);
INSERT INTO doctors (id, full_name, department_id, designation, qualification, consultation_fee, room_number, available_days, available_time, experience_years) VALUES (6, 'Dr. Lakshmi Iyer', 15, 'Assistant Professor', 'MBBS, DM', 500, '322', 'Mon-Fri', '09:00-13:00', 21);
INSERT INTO doctors (id, full_name, department_id, designation, qualification, consultation_fee, room_number, available_days, available_time, experience_years) VALUES (7, 'Dr. Karthik Iyer', 6, 'Associate Professor', 'MBBS, MCh', 600, '330', 'Tue,Thu', '10:00-14:00', 23);
INSERT INTO doctors (id, full_name, department_id, designation, qualification, consultation_fee, room_number, available_days, available_time, experience_years) VALUES (8, 'Dr. Vihaan Menon', 11, 'Consultant', 'MBBS, DM', 800, '109', 'Mon,Wed,Fri', '10:00-14:00', 20);
INSERT INTO doctors (id, full_name, department_id, designation, qualification, consultation_fee, room_number, available_days, available_time, experience_years) VALUES (9, 'Dr. Meera Kumar', 11, 'Associate Professor', 'MBBS', 800, '105', 'Mon-Fri', '10:00-14:00', 9);
INSERT INTO doctors (id, full_name, department_id, designation, qualification, consultation_fee, room_number, available_days, available_time, experience_years) VALUES (10, 'Dr. Sanjay Krishnan', 18, 'Associate Professor', 'MBBS, DNB', 800, '012', 'Tue,Thu,Sat', '10:00-14:00', 18);
INSERT INTO doctors (id, full_name, department_id, designation, qualification, consultation_fee, room_number, available_days, available_time, experience_years) VALUES (11, 'Dr. Reyansh Verma', 16, 'Consultant', 'MBBS, MS', 1200, '306', 'Mon,Tue,Wed,Thu,Fri', '09:00-17:00', 4);
INSERT INTO doctors (id, full_name, department_id, designation, qualification, consultation_fee, room_number, available_days, available_time, experience_years) VALUES (12, 'Dr. Padma Bhat', 13, 'Associate Professor', 'MBBS, DNB', 600, '018', 'Mon,Wed,Fri', '09:00-13:00', 23);
INSERT INTO doctors (id, full_name, department_id, designation, qualification, consultation_fee, room_number, available_days, available_time, experience_years) VALUES (13, 'Dr. Deepak Kapoor', 18, 'Consultant', 'MBBS, DM', 800, '006', 'Mon,Tue,Wed,Thu,Fri', '09:00-13:00', 25);
INSERT INTO doctors (id, full_name, department_id, designation, qualification, consultation_fee, room_number, available_days, available_time, experience_years) VALUES (14, 'Dr. Sneha Singh', 9, 'Consultant', 'MBBS', 600, '227', 'Tue,Thu', '09:00-17:00', 8);
INSERT INTO doctors (id, full_name, department_id, designation, qualification, consultation_fee, room_number, available_days, available_time, experience_years) VALUES (15, 'Dr. Lakshmi Iyer', 5, 'Head of Department', 'MBBS, DNB', 300, '220', 'Mon-Fri', '16:00-20:00', 2);
INSERT INTO doctors (id, full_name, department_id, designation, qualification, consultation_fee, room_number, available_days, available_time, experience_years) VALUES (16, 'Dr. Lakshmi Pillai', 4, 'Senior Consultant', 'MBBS, MD', 500, '429', 'Tue,Thu', '09:00-13:00', 4);
INSERT INTO doctors (id, full_name, department_id, designation, qualification, consultation_fee, room_number, available_days, available_time, experience_years) VALUES (17, 'Dr. Arjun Patel', 16, 'Senior Consultant', 'MBBS, MS', 1200, '316', 'Tue,Thu', '10:00-14:00', 10);
INSERT INTO doctors (id, full_name, department_id, designation, qualification, consultation_fee, room_number, available_days, available_time, experience_years) VALUES (18, 'Dr. Vijay Gupta', 17, 'Head of Department', 'MBBS', 1200, '007', 'Mon-Fri', '16:00-20:00', 23);
INSERT INTO doctors (id, full_name, department_id, designation, qualification, consultation_fee, room_number, available_days, available_time, experience_years) VALUES (19, 'Dr. Manoj Singh', 12, 'Associate Professor', 'MBBS, MD', 500, '108', 'Mon,Wed,Fri', '14:00-18:00', 2);
INSERT INTO doctors (id, full_name, department_id, designation, qualification, consultation_fee, room_number, available_days, available_time, experience_years) VALUES (20, 'Dr. Rohan Krishnan', 19, 'Senior Consultant', 'MBBS, MD', 300, '023', 'Mon,Wed,Fri', '10:00-14:00', 4);
INSERT INTO doctors (id, full_name, department_id, designation, qualification, consultation_fee, room_number, available_days, available_time, experience_years) VALUES (21, 'Dr. Suresh Rao', 2, 'Head of Department', 'MBBS, MS', 600, '322', 'Mon,Tue,Wed,Thu,Fri', '10:00-14:00', 19);
INSERT INTO doctors (id, full_name, department_id, designation, qualification, consultation_fee, room_number, available_days, available_time, experience_years) VALUES (22, 'Dr. Kiran Menon', 5, 'Associate Professor', 'MBBS, MCh', 500, '204', 'Mon,Wed,Fri', '16:00-20:00', 13);
INSERT INTO doctors (id, full_name, department_id, designation, qualification, consultation_fee, room_number, available_days, available_time, experience_years) VALUES (23, 'Dr. Anita Joshi', 14, 'Resident Doctor', 'MBBS, MD', 1200, '421', 'Mon,Wed,Fri', '09:00-13:00', 14);
INSERT INTO doctors (id, full_name, department_id, designation, qualification, consultation_fee, room_number, available_days, available_time, experience_years) VALUES (24, 'Dr. Ishaan Menon', 11, 'Senior Consultant', 'MBBS, MS', 1000, '115', 'Tue,Thu,Sat', '16:00-20:00', 7);
INSERT INTO doctors (id, full_name, department_id, designation, qualification, consultation_fee, room_number, available_days, available_time, experience_years) VALUES (25, 'Dr. Sunil Menon', 9, 'Consultant', 'MBBS, MCh', 1500, '228', 'Tue,Thu', '09:00-13:00', 3);
INSERT INTO doctors (id, full_name, department_id, designation, qualification, consultation_fee, room_number, available_days, available_time, experience_years) VALUES (26, 'Dr. Aarav Rao', 18, 'Senior Consultant', 'MBBS, MS', 800, '016', 'Mon,Tue,Wed,Thu,Fri', '10:00-14:00', 29);
INSERT INTO doctors (id, full_name, department_id, designation, qualification, consultation_fee, room_number, available_days, available_time, experience_years) VALUES (27, 'Dr. Vihaan Iyer', 13, 'Associate Professor', 'MBBS, MD', 800, '009', 'Mon,Tue,Wed,Thu,Fri', '14:00-18:00', 15);
INSERT INTO doctors (id, full_name, department_id, designation, qualification, consultation_fee, room_number, available_days, available_time, experience_years) VALUES (28, 'Dr. Pooja Nair', 18, 'Senior Consultant', 'MBBS, DM', 500, '002', 'Tue,Thu', '09:00-17:00', 3);
INSERT INTO doctors (id, full_name, department_id, designation, qualification, consultation_fee, room_number, available_days, available_time, experience_years) VALUES (29, 'Dr. Vihaan Verma', 11, 'Head of Department', 'MBBS, MCh', 1000, '130', 'Tue,Thu', '10:00-14:00', 3);
INSERT INTO doctors (id, full_name, department_id, designation, qualification, consultation_fee, room_number, available_days, available_time, experience_years) VALUES (30, 'Dr. Reyansh Iyer', 17, 'Consultant', 'MBBS, DNB', 300, '022', 'Tue,Thu,Sat', '16:00-20:00', 5);
INSERT INTO doctors (id, full_name, department_id, designation, qualification, consultation_fee, room_number, available_days, available_time, experience_years) VALUES (31, 'Dr. Karthik Krishnan', 19, 'Head of Department', 'MBBS, MD', 1000, '003', 'Mon,Tue,Wed,Thu,Fri', '09:00-17:00', 20);
INSERT INTO doctors (id, full_name, department_id, designation, qualification, consultation_fee, room_number, available_days, available_time, experience_years) VALUES (32, 'Dr. Rahul Naidu', 17, 'Senior Consultant', 'MBBS', 1200, '011', 'Tue,Thu,Sat', '14:00-18:00', 14);
INSERT INTO doctors (id, full_name, department_id, designation, qualification, consultation_fee, room_number, available_days, available_time, experience_years) VALUES (33, 'Dr. Neha Joshi', 5, 'Assistant Professor', 'MBBS, MD', 300, '215', 'Tue,Thu', '09:00-17:00', 5);
INSERT INTO doctors (id, full_name, department_id, designation, qualification, consultation_fee, room_number, available_days, available_time, experience_years) VALUES (34, 'Dr. Meera Singh', 3, 'Assistant Professor', 'MBBS, MS', 600, '229', 'Mon,Wed,Fri', '10:00-14:00', 13);
INSERT INTO doctors (id, full_name, department_id, designation, qualification, consultation_fee, room_number, available_days, available_time, experience_years) VALUES (35, 'Dr. Priya Joshi', 10, 'Head of Department', 'MBBS', 600, '120', 'Tue,Thu', '09:00-13:00', 23);
INSERT INTO doctors (id, full_name, department_id, designation, qualification, consultation_fee, room_number, available_days, available_time, experience_years) VALUES (36, 'Dr. Neha Reddy', 18, 'Senior Consultant', 'MBBS, DM', 300, '029', 'Mon,Wed,Fri', '09:00-17:00', 6);
INSERT INTO doctors (id, full_name, department_id, designation, qualification, consultation_fee, room_number, available_days, available_time, experience_years) VALUES (37, 'Dr. Anjali Bhat', 9, 'Senior Consultant', 'MBBS', 600, '207', 'Mon-Fri', '09:00-17:00', 17);
INSERT INTO doctors (id, full_name, department_id, designation, qualification, consultation_fee, room_number, available_days, available_time, experience_years) VALUES (38, 'Dr. Vihaan Rao', 9, 'Resident Doctor', 'MBBS, MCh', 1500, '209', 'Mon,Wed,Fri', '09:00-13:00', 12);
INSERT INTO doctors (id, full_name, department_id, designation, qualification, consultation_fee, room_number, available_days, available_time, experience_years) VALUES (39, 'Dr. Sanjay Iyer', 5, 'Resident Doctor', 'MBBS, MCh', 1000, '223', 'Mon,Tue,Wed,Thu,Fri', '09:00-17:00', 2);
INSERT INTO doctors (id, full_name, department_id, designation, qualification, consultation_fee, room_number, available_days, available_time, experience_years) VALUES (40, 'Dr. Arjun Nair', 4, 'Head of Department', 'MBBS, MD', 1500, '412', 'Tue,Thu', '09:00-17:00', 6);
INSERT INTO doctors (id, full_name, department_id, designation, qualification, consultation_fee, room_number, available_days, available_time, experience_years) VALUES (41, 'Dr. Ananya Verma', 14, 'Assistant Professor', 'MBBS, DM', 1500, '428', 'Mon,Wed,Fri', '14:00-18:00', 8);
INSERT INTO doctors (id, full_name, department_id, designation, qualification, consultation_fee, room_number, available_days, available_time, experience_years) VALUES (42, 'Dr. Ishaan Chatterjee', 8, 'Head of Department', 'MBBS, MCh', 1000, '124', 'Tue,Thu,Sat', '10:00-14:00', 29);
INSERT INTO doctors (id, full_name, department_id, designation, qualification, consultation_fee, room_number, available_days, available_time, experience_years) VALUES (43, 'Dr. Sneha Das', 6, 'Consultant', 'MBBS, MS', 1200, '330', 'Mon-Fri', '16:00-20:00', 27);
INSERT INTO doctors (id, full_name, department_id, designation, qualification, consultation_fee, room_number, available_days, available_time, experience_years) VALUES (44, 'Dr. Deepak Iyer', 8, 'Resident Doctor', 'MBBS, MD', 800, '128', 'Mon,Wed,Fri', '16:00-20:00', 9);
INSERT INTO doctors (id, full_name, department_id, designation, qualification, consultation_fee, room_number, available_days, available_time, experience_years) VALUES (45, 'Dr. Sunil Chatterjee', 7, 'Assistant Professor', 'MBBS, MS', 500, '501', 'Tue,Thu,Sat', '16:00-20:00', 12);
INSERT INTO doctors (id, full_name, department_id, designation, qualification, consultation_fee, room_number, available_days, available_time, experience_years) VALUES (46, 'Dr. Arjun Naidu', 9, 'Assistant Professor', 'MBBS', 1000, '213', 'Tue,Thu', '14:00-18:00', 2);
INSERT INTO doctors (id, full_name, department_id, designation, qualification, consultation_fee, room_number, available_days, available_time, experience_years) VALUES (47, 'Dr. Sanjay Iyer', 4, 'Head of Department', 'MBBS, DM', 300, '404', 'Tue,Thu', '16:00-20:00', 13);
INSERT INTO doctors (id, full_name, department_id, designation, qualification, consultation_fee, room_number, available_days, available_time, experience_years) VALUES (48, 'Dr. Vijay Bhat', 11, 'Head of Department', 'MBBS, MD', 800, '129', 'Tue,Thu', '10:00-14:00', 10);
INSERT INTO doctors (id, full_name, department_id, designation, qualification, consultation_fee, room_number, available_days, available_time, experience_years) VALUES (49, 'Dr. Vijay Sharma', 2, 'Head of Department', 'MBBS, DNB', 1200, '324', 'Tue,Thu,Sat', '14:00-18:00', 15);
INSERT INTO doctors (id, full_name, department_id, designation, qualification, consultation_fee, room_number, available_days, available_time, experience_years) VALUES (50, 'Dr. Suresh Bhat', 3, 'Assistant Professor', 'MBBS', 1500, '204', 'Mon-Fri', '09:00-17:00', 11);
INSERT INTO doctors (id, full_name, department_id, designation, qualification, consultation_fee, room_number, available_days, available_time, experience_years) VALUES (51, 'Dr. Rahul Mukherjee', 14, 'Resident Doctor', 'MBBS, DM', 1000, '405', 'Tue,Thu,Sat', '16:00-20:00', 23);
INSERT INTO doctors (id, full_name, department_id, designation, qualification, consultation_fee, room_number, available_days, available_time, experience_years) VALUES (52, 'Dr. Sneha Bhat', 13, 'Head of Department', 'MBBS, DM', 800, '018', 'Mon,Wed,Fri', '14:00-18:00', 11);
INSERT INTO doctors (id, full_name, department_id, designation, qualification, consultation_fee, room_number, available_days, available_time, experience_years) VALUES (53, 'Dr. Vijay Krishnan', 7, 'Head of Department', 'MBBS', 600, '515', 'Mon,Tue,Wed,Thu,Fri', '16:00-20:00', 23);
INSERT INTO doctors (id, full_name, department_id, designation, qualification, consultation_fee, room_number, available_days, available_time, experience_years) VALUES (54, 'Dr. Kiran Iyer', 7, 'Resident Doctor', 'MBBS, MD', 600, '517', 'Tue,Thu', '14:00-18:00', 4);
INSERT INTO doctors (id, full_name, department_id, designation, qualification, consultation_fee, room_number, available_days, available_time, experience_years) VALUES (55, 'Dr. Neha Menon', 8, 'Senior Consultant', 'MBBS, MS', 300, '102', 'Tue,Thu,Sat', '16:00-20:00', 21);
INSERT INTO doctors (id, full_name, department_id, designation, qualification, consultation_fee, room_number, available_days, available_time, experience_years) VALUES (56, 'Dr. Sunil Das', 3, 'Resident Doctor', 'MBBS, DNB', 500, '223', 'Mon,Tue,Wed,Thu,Fri', '16:00-20:00', 14);
INSERT INTO doctors (id, full_name, department_id, designation, qualification, consultation_fee, room_number, available_days, available_time, experience_years) VALUES (57, 'Dr. Diya Sharma', 8, 'Consultant', 'MBBS, MCh', 500, '106', 'Tue,Thu', '16:00-20:00', 3);
INSERT INTO doctors (id, full_name, department_id, designation, qualification, consultation_fee, room_number, available_days, available_time, experience_years) VALUES (58, 'Dr. Karthik Reddy', 18, 'Associate Professor', 'MBBS, MS', 1500, '015', 'Tue,Thu', '09:00-17:00', 21);
INSERT INTO doctors (id, full_name, department_id, designation, qualification, consultation_fee, room_number, available_days, available_time, experience_years) VALUES (59, 'Dr. Manoj Bhat', 11, 'Resident Doctor', 'MBBS, DNB', 800, '127', 'Tue,Thu', '16:00-20:00', 30);
INSERT INTO doctors (id, full_name, department_id, designation, qualification, consultation_fee, room_number, available_days, available_time, experience_years) VALUES (60, 'Dr. Kiran Joshi', 6, 'Assistant Professor', 'MBBS, MS', 1500, '321', 'Mon-Fri', '09:00-17:00', 17);
INSERT INTO doctors (id, full_name, department_id, designation, qualification, consultation_fee, room_number, available_days, available_time, experience_years) VALUES (61, 'Dr. Deepak Joshi', 8, 'Consultant', 'MBBS', 600, '108', 'Mon-Fri', '14:00-18:00', 12);
INSERT INTO doctors (id, full_name, department_id, designation, qualification, consultation_fee, room_number, available_days, available_time, experience_years) VALUES (62, 'Dr. Reyansh Nair', 18, 'Senior Consultant', 'MBBS, MS', 800, '023', 'Tue,Thu,Sat', '10:00-14:00', 4);
INSERT INTO doctors (id, full_name, department_id, designation, qualification, consultation_fee, room_number, available_days, available_time, experience_years) VALUES (63, 'Dr. Anita Kapoor', 14, 'Head of Department', 'MBBS, MCh', 800, '402', 'Tue,Thu,Sat', '16:00-20:00', 14);
INSERT INTO doctors (id, full_name, department_id, designation, qualification, consultation_fee, room_number, available_days, available_time, experience_years) VALUES (64, 'Dr. Vivaan Krishnan', 19, 'Associate Professor', 'MBBS, MCh', 300, '012', 'Mon-Fri', '16:00-20:00', 29);
INSERT INTO doctors (id, full_name, department_id, designation, qualification, consultation_fee, room_number, available_days, available_time, experience_years) VALUES (65, 'Dr. Rohan Kumar', 14, 'Senior Consultant', 'MBBS, DM', 800, '416', 'Mon,Wed,Fri', '16:00-20:00', 12);
INSERT INTO doctors (id, full_name, department_id, designation, qualification, consultation_fee, room_number, available_days, available_time, experience_years) VALUES (66, 'Dr. Priya Joshi', 13, 'Senior Consultant', 'MBBS, DNB', 1000, '001', 'Mon,Tue,Wed,Thu,Fri', '09:00-17:00', 20);
INSERT INTO doctors (id, full_name, department_id, designation, qualification, consultation_fee, room_number, available_days, available_time, experience_years) VALUES (67, 'Dr. Reyansh Das', 1, 'Senior Consultant', 'MBBS, MCh', 500, '102', 'Mon-Fri', '16:00-20:00', 12);
INSERT INTO doctors (id, full_name, department_id, designation, qualification, consultation_fee, room_number, available_days, available_time, experience_years) VALUES (68, 'Dr. Sunil Kapoor', 7, 'Assistant Professor', 'MBBS, MCh', 600, '525', 'Mon,Tue,Wed,Thu,Fri', '14:00-18:00', 28);
INSERT INTO doctors (id, full_name, department_id, designation, qualification, consultation_fee, room_number, available_days, available_time, experience_years) VALUES (69, 'Dr. Kiran Sharma', 3, 'Resident Doctor', 'MBBS, DNB', 300, '212', 'Tue,Thu,Sat', '09:00-13:00', 26);
INSERT INTO doctors (id, full_name, department_id, designation, qualification, consultation_fee, room_number, available_days, available_time, experience_years) VALUES (70, 'Dr. Vivaan Menon', 2, 'Senior Consultant', 'MBBS, MD', 1000, '305', 'Tue,Thu,Sat', '10:00-14:00', 17);
INSERT INTO doctors (id, full_name, department_id, designation, qualification, consultation_fee, room_number, available_days, available_time, experience_years) VALUES (71, 'Dr. Meera Joshi', 4, 'Resident Doctor', 'MBBS, DM', 1500, '412', 'Tue,Thu,Sat', '09:00-17:00', 21);
INSERT INTO doctors (id, full_name, department_id, designation, qualification, consultation_fee, room_number, available_days, available_time, experience_years) VALUES (72, 'Dr. Priya Pillai', 4, 'Consultant', 'MBBS, DNB', 300, '430', 'Mon-Fri', '09:00-17:00', 23);
INSERT INTO doctors (id, full_name, department_id, designation, qualification, consultation_fee, room_number, available_days, available_time, experience_years) VALUES (73, 'Dr. Geeta Gupta', 13, 'Consultant', 'MBBS, DNB', 1200, '027', 'Tue,Thu,Sat', '09:00-13:00', 24);
INSERT INTO doctors (id, full_name, department_id, designation, qualification, consultation_fee, room_number, available_days, available_time, experience_years) VALUES (74, 'Dr. Krishna Krishnan', 10, 'Consultant', 'MBBS, DM', 1000, '114', 'Mon-Fri', '09:00-13:00', 18);
INSERT INTO doctors (id, full_name, department_id, designation, qualification, consultation_fee, room_number, available_days, available_time, experience_years) VALUES (75, 'Dr. Aarav Das', 11, 'Associate Professor', 'MBBS, MD', 800, '112', 'Mon,Tue,Wed,Thu,Fri', '10:00-14:00', 15);
INSERT INTO doctors (id, full_name, department_id, designation, qualification, consultation_fee, room_number, available_days, available_time, experience_years) VALUES (76, 'Dr. Deepak Bhat', 6, 'Head of Department', 'MBBS, MCh', 800, '314', 'Tue,Thu', '14:00-18:00', 12);
INSERT INTO doctors (id, full_name, department_id, designation, qualification, consultation_fee, room_number, available_days, available_time, experience_years) VALUES (77, 'Dr. Reyansh Naidu', 8, 'Associate Professor', 'MBBS, MS', 1500, '115', 'Tue,Thu', '09:00-17:00', 23);
INSERT INTO doctors (id, full_name, department_id, designation, qualification, consultation_fee, room_number, available_days, available_time, experience_years) VALUES (78, 'Dr. Suresh Sharma', 13, 'Associate Professor', 'MBBS, DM', 500, '016', 'Tue,Thu,Sat', '14:00-18:00', 27);
INSERT INTO doctors (id, full_name, department_id, designation, qualification, consultation_fee, room_number, available_days, available_time, experience_years) VALUES (79, 'Dr. Suresh Naidu', 9, 'Head of Department', 'MBBS', 600, '218', 'Mon,Wed,Fri', '09:00-17:00', 8);
INSERT INTO doctors (id, full_name, department_id, designation, qualification, consultation_fee, room_number, available_days, available_time, experience_years) VALUES (80, 'Dr. Karthik Das', 3, 'Associate Professor', 'MBBS, DNB', 1500, '208', 'Mon,Tue,Wed,Thu,Fri', '16:00-20:00', 16);
INSERT INTO doctors (id, full_name, department_id, designation, qualification, consultation_fee, room_number, available_days, available_time, experience_years) VALUES (81, 'Dr. Reyansh Pillai', 1, 'Senior Consultant', 'MBBS, MCh', 1200, '108', 'Mon-Fri', '09:00-17:00', 13);
INSERT INTO doctors (id, full_name, department_id, designation, qualification, consultation_fee, room_number, available_days, available_time, experience_years) VALUES (82, 'Dr. Ramesh Das', 16, 'Resident Doctor', 'MBBS, DNB', 600, '312', 'Mon,Tue,Wed,Thu,Fri', '14:00-18:00', 11);
INSERT INTO doctors (id, full_name, department_id, designation, qualification, consultation_fee, room_number, available_days, available_time, experience_years) VALUES (83, 'Dr. Rohan Reddy', 9, 'Resident Doctor', 'MBBS, MS', 600, '204', 'Tue,Thu', '10:00-14:00', 8);
INSERT INTO doctors (id, full_name, department_id, designation, qualification, consultation_fee, room_number, available_days, available_time, experience_years) VALUES (84, 'Dr. Kiran Naidu', 7, 'Resident Doctor', 'MBBS, DNB', 1500, '517', 'Tue,Thu', '14:00-18:00', 5);
INSERT INTO doctors (id, full_name, department_id, designation, qualification, consultation_fee, room_number, available_days, available_time, experience_years) VALUES (85, 'Dr. Anjali Menon', 7, 'Assistant Professor', 'MBBS, MS', 600, '501', 'Tue,Thu', '10:00-14:00', 10);
INSERT INTO doctors (id, full_name, department_id, designation, qualification, consultation_fee, room_number, available_days, available_time, experience_years) VALUES (86, 'Dr. Vihaan Patel', 2, 'Assistant Professor', 'MBBS', 500, '321', 'Mon,Tue,Wed,Thu,Fri', '09:00-13:00', 29);
INSERT INTO doctors (id, full_name, department_id, designation, qualification, consultation_fee, room_number, available_days, available_time, experience_years) VALUES (87, 'Dr. Anjali Kumar', 1, 'Associate Professor', 'MBBS, MCh', 600, '106', 'Mon,Wed,Fri', '14:00-18:00', 29);
INSERT INTO doctors (id, full_name, department_id, designation, qualification, consultation_fee, room_number, available_days, available_time, experience_years) VALUES (88, 'Dr. Krishna Rao', 16, 'Associate Professor', 'MBBS, MCh', 300, '319', 'Mon,Wed,Fri', '10:00-14:00', 6);
INSERT INTO doctors (id, full_name, department_id, designation, qualification, consultation_fee, room_number, available_days, available_time, experience_years) VALUES (89, 'Dr. Neha Rao', 19, 'Senior Consultant', 'MBBS, MD', 1000, '025', 'Mon,Tue,Wed,Thu,Fri', '09:00-17:00', 21);
INSERT INTO doctors (id, full_name, department_id, designation, qualification, consultation_fee, room_number, available_days, available_time, experience_years) VALUES (90, 'Dr. Rohan Singh', 20, 'Associate Professor', 'MBBS, MCh', 800, '010', 'Tue,Thu', '16:00-20:00', 11);
INSERT INTO doctors (id, full_name, department_id, designation, qualification, consultation_fee, room_number, available_days, available_time, experience_years) VALUES (91, 'Dr. Vihaan Bhat', 19, 'Resident Doctor', 'MBBS, MD', 1500, '007', 'Tue,Thu,Sat', '14:00-18:00', 23);
INSERT INTO doctors (id, full_name, department_id, designation, qualification, consultation_fee, room_number, available_days, available_time, experience_years) VALUES (92, 'Dr. Priya Menon', 3, 'Senior Consultant', 'MBBS, DNB', 300, '206', 'Mon,Wed,Fri', '16:00-20:00', 16);
INSERT INTO doctors (id, full_name, department_id, designation, qualification, consultation_fee, room_number, available_days, available_time, experience_years) VALUES (93, 'Dr. Kiran Pillai', 20, 'Consultant', 'MBBS, MS', 600, '023', 'Mon-Fri', '16:00-20:00', 4);
INSERT INTO doctors (id, full_name, department_id, designation, qualification, consultation_fee, room_number, available_days, available_time, experience_years) VALUES (94, 'Dr. Sanjay Krishnan', 8, 'Resident Doctor', 'MBBS, MS', 800, '104', 'Tue,Thu', '10:00-14:00', 22);
INSERT INTO doctors (id, full_name, department_id, designation, qualification, consultation_fee, room_number, available_days, available_time, experience_years) VALUES (95, 'Dr. Deepak Nair', 5, 'Consultant', 'MBBS, MD', 500, '226', 'Mon-Fri', '09:00-17:00', 25);
INSERT INTO doctors (id, full_name, department_id, designation, qualification, consultation_fee, room_number, available_days, available_time, experience_years) VALUES (96, 'Dr. Anjali Joshi', 19, 'Consultant', 'MBBS, MCh', 1200, '010', 'Mon,Tue,Wed,Thu,Fri', '14:00-18:00', 18);
INSERT INTO doctors (id, full_name, department_id, designation, qualification, consultation_fee, room_number, available_days, available_time, experience_years) VALUES (97, 'Dr. Pooja Joshi', 18, 'Consultant', 'MBBS, DNB', 300, '029', 'Mon,Tue,Wed,Thu,Fri', '14:00-18:00', 21);
INSERT INTO doctors (id, full_name, department_id, designation, qualification, consultation_fee, room_number, available_days, available_time, experience_years) VALUES (98, 'Dr. Vivaan Rao', 9, 'Senior Consultant', 'MBBS', 1500, '228', 'Tue,Thu', '09:00-17:00', 2);
INSERT INTO doctors (id, full_name, department_id, designation, qualification, consultation_fee, room_number, available_days, available_time, experience_years) VALUES (99, 'Dr. Aditya Iyer', 9, 'Associate Professor', 'MBBS, DNB', 1200, '215', 'Mon-Fri', '10:00-14:00', 20);
INSERT INTO doctors (id, full_name, department_id, designation, qualification, consultation_fee, room_number, available_days, available_time, experience_years) VALUES (100, 'Dr. Pooja Rao', 14, 'Associate Professor', 'MBBS, DM', 800, '411', 'Mon-Fri', '09:00-13:00', 29);
INSERT INTO doctors (id, full_name, department_id, designation, qualification, consultation_fee, room_number, available_days, available_time, experience_years) VALUES (101, 'Dr. Suresh Das', 6, 'Resident Doctor', 'MBBS, MCh', 600, '322', 'Mon,Tue,Wed,Thu,Fri', '09:00-17:00', 3);
INSERT INTO doctors (id, full_name, department_id, designation, qualification, consultation_fee, room_number, available_days, available_time, experience_years) VALUES (102, 'Dr. Reyansh Kapoor', 15, 'Assistant Professor', 'MBBS, DM', 300, '325', 'Mon,Tue,Wed,Thu,Fri', '09:00-17:00', 28);
INSERT INTO doctors (id, full_name, department_id, designation, qualification, consultation_fee, room_number, available_days, available_time, experience_years) VALUES (103, 'Dr. Sunil Das', 1, 'Consultant', 'MBBS, MS', 1000, '112', 'Tue,Thu', '16:00-20:00', 22);
INSERT INTO doctors (id, full_name, department_id, designation, qualification, consultation_fee, room_number, available_days, available_time, experience_years) VALUES (104, 'Dr. Vihaan Gupta', 15, 'Assistant Professor', 'MBBS, DNB', 500, '330', 'Mon-Fri', '16:00-20:00', 30);
INSERT INTO doctors (id, full_name, department_id, designation, qualification, consultation_fee, room_number, available_days, available_time, experience_years) VALUES (105, 'Dr. Krishna Sharma', 16, 'Resident Doctor', 'MBBS, DNB', 1500, '308', 'Tue,Thu,Sat', '14:00-18:00', 19);
INSERT INTO doctors (id, full_name, department_id, designation, qualification, consultation_fee, room_number, available_days, available_time, experience_years) VALUES (106, 'Dr. Anita Rao', 1, 'Senior Consultant', 'MBBS, MD', 800, '104', 'Tue,Thu,Sat', '16:00-20:00', 24);
INSERT INTO doctors (id, full_name, department_id, designation, qualification, consultation_fee, room_number, available_days, available_time, experience_years) VALUES (107, 'Dr. Deepak Das', 10, 'Associate Professor', 'MBBS, MCh', 500, '115', 'Tue,Thu', '10:00-14:00', 14);
INSERT INTO doctors (id, full_name, department_id, designation, qualification, consultation_fee, room_number, available_days, available_time, experience_years) VALUES (108, 'Dr. Ananya Rao', 7, 'Assistant Professor', 'MBBS, MCh', 600, '530', 'Tue,Thu', '14:00-18:00', 28);
INSERT INTO doctors (id, full_name, department_id, designation, qualification, consultation_fee, room_number, available_days, available_time, experience_years) VALUES (109, 'Dr. Anjali Pillai', 1, 'Head of Department', 'MBBS, DNB', 1200, '116', 'Tue,Thu,Sat', '16:00-20:00', 19);
INSERT INTO doctors (id, full_name, department_id, designation, qualification, consultation_fee, room_number, available_days, available_time, experience_years) VALUES (110, 'Dr. Ramesh Kapoor', 16, 'Head of Department', 'MBBS, DNB', 800, '315', 'Mon-Fri', '10:00-14:00', 24);
INSERT INTO doctors (id, full_name, department_id, designation, qualification, consultation_fee, room_number, available_days, available_time, experience_years) VALUES (111, 'Dr. Padma Menon', 8, 'Associate Professor', 'MBBS, MD', 600, '124', 'Mon,Tue,Wed,Thu,Fri', '16:00-20:00', 14);
INSERT INTO doctors (id, full_name, department_id, designation, qualification, consultation_fee, room_number, available_days, available_time, experience_years) VALUES (112, 'Dr. Pooja Verma', 5, 'Senior Consultant', 'MBBS, DNB', 1000, '211', 'Mon,Wed,Fri', '16:00-20:00', 5);
INSERT INTO doctors (id, full_name, department_id, designation, qualification, consultation_fee, room_number, available_days, available_time, experience_years) VALUES (113, 'Dr. Sunil Sharma', 17, 'Resident Doctor', 'MBBS, MS', 800, '028', 'Tue,Thu,Sat', '09:00-13:00', 17);
INSERT INTO doctors (id, full_name, department_id, designation, qualification, consultation_fee, room_number, available_days, available_time, experience_years) VALUES (114, 'Dr. Suresh Bhat', 9, 'Resident Doctor', 'MBBS, MCh', 1200, '203', 'Mon-Fri', '09:00-17:00', 14);
INSERT INTO doctors (id, full_name, department_id, designation, qualification, consultation_fee, room_number, available_days, available_time, experience_years) VALUES (115, 'Dr. Pooja Patel', 11, 'Consultant', 'MBBS, DNB', 300, '108', 'Mon-Fri', '10:00-14:00', 25);
INSERT INTO doctors (id, full_name, department_id, designation, qualification, consultation_fee, room_number, available_days, available_time, experience_years) VALUES (116, 'Dr. Vijay Reddy', 3, 'Resident Doctor', 'MBBS', 1500, '204', 'Mon,Tue,Wed,Thu,Fri', '10:00-14:00', 24);
INSERT INTO doctors (id, full_name, department_id, designation, qualification, consultation_fee, room_number, available_days, available_time, experience_years) VALUES (117, 'Dr. Vivaan Verma', 10, 'Assistant Professor', 'MBBS, MD', 600, '112', 'Mon-Fri', '16:00-20:00', 6);
INSERT INTO doctors (id, full_name, department_id, designation, qualification, consultation_fee, room_number, available_days, available_time, experience_years) VALUES (118, 'Dr. Anita Krishnan', 8, 'Resident Doctor', 'MBBS, MS', 500, '106', 'Mon,Wed,Fri', '09:00-17:00', 29);
INSERT INTO doctors (id, full_name, department_id, designation, qualification, consultation_fee, room_number, available_days, available_time, experience_years) VALUES (119, 'Dr. Karthik Kumar', 13, 'Head of Department', 'MBBS, MS', 500, '015', 'Mon-Fri', '16:00-20:00', 10);
INSERT INTO doctors (id, full_name, department_id, designation, qualification, consultation_fee, room_number, available_days, available_time, experience_years) VALUES (120, 'Dr. Sunil Pillai', 1, 'Resident Doctor', 'MBBS, DNB', 500, '103', 'Mon,Tue,Wed,Thu,Fri', '14:00-18:00', 20);
INSERT INTO doctors (id, full_name, department_id, designation, qualification, consultation_fee, room_number, available_days, available_time, experience_years) VALUES (121, 'Dr. Vijay Naidu', 10, 'Associate Professor', 'MBBS, DM', 500, '113', 'Mon,Tue,Wed,Thu,Fri', '09:00-13:00', 9);
INSERT INTO doctors (id, full_name, department_id, designation, qualification, consultation_fee, room_number, available_days, available_time, experience_years) VALUES (122, 'Dr. Ramesh Krishnan', 13, 'Assistant Professor', 'MBBS', 600, '001', 'Mon,Tue,Wed,Thu,Fri', '14:00-18:00', 2);
INSERT INTO doctors (id, full_name, department_id, designation, qualification, consultation_fee, room_number, available_days, available_time, experience_years) VALUES (123, 'Dr. Vihaan Bhat', 19, 'Resident Doctor', 'MBBS, MCh', 1500, '029', 'Mon-Fri', '10:00-14:00', 21);
INSERT INTO doctors (id, full_name, department_id, designation, qualification, consultation_fee, room_number, available_days, available_time, experience_years) VALUES (124, 'Dr. Rohan Gupta', 12, 'Head of Department', 'MBBS, DM', 1200, '125', 'Tue,Thu,Sat', '09:00-13:00', 30);
INSERT INTO doctors (id, full_name, department_id, designation, qualification, consultation_fee, room_number, available_days, available_time, experience_years) VALUES (125, 'Dr. Neha Joshi', 2, 'Consultant', 'MBBS, DNB', 600, '324', 'Tue,Thu,Sat', '09:00-13:00', 11);
INSERT INTO doctors (id, full_name, department_id, designation, qualification, consultation_fee, room_number, available_days, available_time, experience_years) VALUES (126, 'Dr. Anita Iyer', 11, 'Senior Consultant', 'MBBS, MS', 1500, '118', 'Mon-Fri', '09:00-17:00', 18);
INSERT INTO doctors (id, full_name, department_id, designation, qualification, consultation_fee, room_number, available_days, available_time, experience_years) VALUES (127, 'Dr. Priya Naidu', 9, 'Associate Professor', 'MBBS, DM', 1200, '228', 'Mon-Fri', '09:00-13:00', 16);
INSERT INTO doctors (id, full_name, department_id, designation, qualification, consultation_fee, room_number, available_days, available_time, experience_years) VALUES (128, 'Dr. Diya Menon', 3, 'Resident Doctor', 'MBBS', 1200, '213', 'Tue,Thu', '14:00-18:00', 4);
INSERT INTO doctors (id, full_name, department_id, designation, qualification, consultation_fee, room_number, available_days, available_time, experience_years) VALUES (129, 'Dr. Aarav Naidu', 13, 'Head of Department', 'MBBS, MD', 800, '012', 'Mon-Fri', '09:00-17:00', 14);
INSERT INTO doctors (id, full_name, department_id, designation, qualification, consultation_fee, room_number, available_days, available_time, experience_years) VALUES (130, 'Dr. Ishaan Menon', 12, 'Associate Professor', 'MBBS, MD', 1000, '129', 'Tue,Thu', '14:00-18:00', 21);
INSERT INTO doctors (id, full_name, department_id, designation, qualification, consultation_fee, room_number, available_days, available_time, experience_years) VALUES (131, 'Dr. Arjun Joshi', 8, 'Resident Doctor', 'MBBS, DM', 1200, '114', 'Mon,Wed,Fri', '10:00-14:00', 3);
INSERT INTO doctors (id, full_name, department_id, designation, qualification, consultation_fee, room_number, available_days, available_time, experience_years) VALUES (132, 'Dr. Neha Kumar', 2, 'Consultant', 'MBBS, MD', 500, '329', 'Tue,Thu', '10:00-14:00', 14);
INSERT INTO doctors (id, full_name, department_id, designation, qualification, consultation_fee, room_number, available_days, available_time, experience_years) VALUES (133, 'Dr. Lakshmi Patel', 15, 'Associate Professor', 'MBBS, DNB', 1200, '324', 'Tue,Thu,Sat', '16:00-20:00', 22);
INSERT INTO doctors (id, full_name, department_id, designation, qualification, consultation_fee, room_number, available_days, available_time, experience_years) VALUES (134, 'Dr. Pooja Bhat', 4, 'Associate Professor', 'MBBS, DM', 300, '423', 'Mon-Fri', '10:00-14:00', 16);
INSERT INTO doctors (id, full_name, department_id, designation, qualification, consultation_fee, room_number, available_days, available_time, experience_years) VALUES (135, 'Dr. Karthik Chatterjee', 15, 'Consultant', 'MBBS', 600, '318', 'Mon-Fri', '09:00-13:00', 14);
INSERT INTO doctors (id, full_name, department_id, designation, qualification, consultation_fee, room_number, available_days, available_time, experience_years) VALUES (136, 'Dr. Kavya Reddy', 9, 'Associate Professor', 'MBBS, MD', 1200, '207', 'Tue,Thu', '09:00-13:00', 3);
INSERT INTO doctors (id, full_name, department_id, designation, qualification, consultation_fee, room_number, available_days, available_time, experience_years) VALUES (137, 'Dr. Karthik Nair', 11, 'Head of Department', 'MBBS, MS', 300, '127', 'Tue,Thu', '10:00-14:00', 20);
INSERT INTO doctors (id, full_name, department_id, designation, qualification, consultation_fee, room_number, available_days, available_time, experience_years) VALUES (138, 'Dr. Rohan Kapoor', 7, 'Senior Consultant', 'MBBS, DNB', 300, '509', 'Tue,Thu,Sat', '10:00-14:00', 19);
INSERT INTO doctors (id, full_name, department_id, designation, qualification, consultation_fee, room_number, available_days, available_time, experience_years) VALUES (139, 'Dr. Sneha Reddy', 9, 'Resident Doctor', 'MBBS, MD', 500, '201', 'Mon-Fri', '10:00-14:00', 20);
INSERT INTO doctors (id, full_name, department_id, designation, qualification, consultation_fee, room_number, available_days, available_time, experience_years) VALUES (140, 'Dr. Vivaan Iyer', 11, 'Assistant Professor', 'MBBS, MD', 500, '124', 'Mon,Tue,Wed,Thu,Fri', '09:00-17:00', 5);

-- services: 120 rows
INSERT INTO services (id, name, department_id, description, fee, location) VALUES (1, 'OPD Consultation', 3, 'OPD Consultation provided by the Orthopedics department.', 550, 'Main Building, Floor 2');
INSERT INTO services (id, name, department_id, description, fee, location) VALUES (2, 'General Checkup', 15, 'General Checkup provided by the Nephrology department.', 400, 'Main Building, Floor 3');
INSERT INTO services (id, name, department_id, description, fee, location) VALUES (3, 'Follow-up Consultation', 17, 'Follow-up Consultation provided by the Emergency department.', 400, 'Main Building, Floor 0');
INSERT INTO services (id, name, department_id, description, fee, location) VALUES (4, 'Blood Test - CBC', 4, 'Blood Test - CBC provided by the Neurology department.', 400, 'Main Building, Floor 4');
INSERT INTO services (id, name, department_id, description, fee, location) VALUES (5, 'Blood Test - Lipid Profile', 17, 'Blood Test - Lipid Profile provided by the Emergency department.', 600, 'Main Building, Floor 0');
INSERT INTO services (id, name, department_id, description, fee, location) VALUES (6, 'X-Ray', 20, 'X-Ray provided by the Pharmacy department.', 450, 'Main Building, Floor 0');
INSERT INTO services (id, name, department_id, description, fee, location) VALUES (7, 'CT Scan', 17, 'CT Scan provided by the Emergency department.', 4500, 'Main Building, Floor 0');
INSERT INTO services (id, name, department_id, description, fee, location) VALUES (8, 'MRI Scan', 15, 'MRI Scan provided by the Nephrology department.', 7450, 'Main Building, Floor 3');
INSERT INTO services (id, name, department_id, description, fee, location) VALUES (9, 'Ultrasound', 2, 'Ultrasound provided by the Cardiology department.', 1250, 'Main Building, Floor 3');
INSERT INTO services (id, name, department_id, description, fee, location) VALUES (10, 'ECG', 13, 'ECG provided by the Dentistry department.', 450, 'Main Building, Floor 0');
INSERT INTO services (id, name, department_id, description, fee, location) VALUES (11, 'Echocardiogram', 4, 'Echocardiogram provided by the Neurology department.', 2050, 'Main Building, Floor 4');
INSERT INTO services (id, name, department_id, description, fee, location) VALUES (12, 'Physiotherapy Session', 15, 'Physiotherapy Session provided by the Nephrology department.', 650, 'Main Building, Floor 3');
INSERT INTO services (id, name, department_id, description, fee, location) VALUES (13, 'Minor Procedure', 3, 'Minor Procedure provided by the Orthopedics department.', 2500, 'Main Building, Floor 2');
INSERT INTO services (id, name, department_id, description, fee, location) VALUES (14, 'Vaccination', 20, 'Vaccination provided by the Pharmacy department.', 800, 'Main Building, Floor 0');
INSERT INTO services (id, name, department_id, description, fee, location) VALUES (15, 'Health Package - Basic', 3, 'Health Package - Basic provided by the Orthopedics department.', 2500, 'Main Building, Floor 2');
INSERT INTO services (id, name, department_id, description, fee, location) VALUES (16, 'Health Package - Executive', 9, 'Health Package - Executive provided by the Gynecology department.', 6100, 'Main Building, Floor 2');
INSERT INTO services (id, name, department_id, description, fee, location) VALUES (17, 'Dialysis Session', 19, 'Dialysis Session provided by the Laboratory department.', 3100, 'Diagnostics Building, Floor 0');
INSERT INTO services (id, name, department_id, description, fee, location) VALUES (18, 'Endoscopy', 11, 'Endoscopy provided by the ENT department.', 3550, 'Main Building, Floor 1');
INSERT INTO services (id, name, department_id, description, fee, location) VALUES (19, 'Biopsy', 20, 'Biopsy provided by the Pharmacy department.', 5100, 'Main Building, Floor 0');
INSERT INTO services (id, name, department_id, description, fee, location) VALUES (20, 'Dental Cleaning', 10, 'Dental Cleaning provided by the Dermatology department.', 1050, 'Main Building, Floor 1');
INSERT INTO services (id, name, department_id, description, fee, location) VALUES (21, 'Eye Test', 17, 'Eye Test provided by the Emergency department.', 400, 'Main Building, Floor 0');
INSERT INTO services (id, name, department_id, description, fee, location) VALUES (22, 'Hearing Test', 14, 'Hearing Test provided by the Psychiatry department.', 450, 'Main Building, Floor 4');
INSERT INTO services (id, name, department_id, description, fee, location) VALUES (23, 'Pregnancy Ultrasound', 4, 'Pregnancy Ultrasound provided by the Neurology department.', 1600, 'Main Building, Floor 4');
INSERT INTO services (id, name, department_id, description, fee, location) VALUES (24, 'Chemotherapy Session', 7, 'Chemotherapy Session provided by the Oncology department.', 15050, 'Cancer Care Building, Floor 5');
INSERT INTO services (id, name, department_id, description, fee, location) VALUES (25, 'Emergency Consultation', 15, 'Emergency Consultation provided by the Nephrology department.', 1000, 'Main Building, Floor 3');
INSERT INTO services (id, name, department_id, description, fee, location) VALUES (26, 'OPD Consultation', 14, 'OPD Consultation provided by the Psychiatry department.', 500, 'Main Building, Floor 4');
INSERT INTO services (id, name, department_id, description, fee, location) VALUES (27, 'General Checkup', 15, 'General Checkup provided by the Nephrology department.', 450, 'Main Building, Floor 3');
INSERT INTO services (id, name, department_id, description, fee, location) VALUES (28, 'Follow-up Consultation', 14, 'Follow-up Consultation provided by the Psychiatry department.', 250, 'Main Building, Floor 4');
INSERT INTO services (id, name, department_id, description, fee, location) VALUES (29, 'Blood Test - CBC', 11, 'Blood Test - CBC provided by the ENT department.', 400, 'Main Building, Floor 1');
INSERT INTO services (id, name, department_id, description, fee, location) VALUES (30, 'Blood Test - Lipid Profile', 11, 'Blood Test - Lipid Profile provided by the ENT department.', 600, 'Main Building, Floor 1');
INSERT INTO services (id, name, department_id, description, fee, location) VALUES (31, 'X-Ray', 12, 'X-Ray provided by the Ophthalmology department.', 500, 'Main Building, Floor 1');
INSERT INTO services (id, name, department_id, description, fee, location) VALUES (32, 'CT Scan', 16, 'CT Scan provided by the Urology department.', 4450, 'Main Building, Floor 3');
INSERT INTO services (id, name, department_id, description, fee, location) VALUES (33, 'MRI Scan', 3, 'MRI Scan provided by the Orthopedics department.', 7450, 'Main Building, Floor 2');
INSERT INTO services (id, name, department_id, description, fee, location) VALUES (34, 'Ultrasound', 3, 'Ultrasound provided by the Orthopedics department.', 1250, 'Main Building, Floor 2');
INSERT INTO services (id, name, department_id, description, fee, location) VALUES (35, 'ECG', 4, 'ECG provided by the Neurology department.', 400, 'Main Building, Floor 4');
INSERT INTO services (id, name, department_id, description, fee, location) VALUES (36, 'Echocardiogram', 5, 'Echocardiogram provided by the Gastroenterology department.', 2100, 'Main Building, Floor 2');
INSERT INTO services (id, name, department_id, description, fee, location) VALUES (37, 'Physiotherapy Session', 2, 'Physiotherapy Session provided by the Cardiology department.', 800, 'Main Building, Floor 3');
INSERT INTO services (id, name, department_id, description, fee, location) VALUES (38, 'Minor Procedure', 18, 'Minor Procedure provided by the Radiology & Imaging department.', 2600, 'Diagnostics Building, Floor 0');
INSERT INTO services (id, name, department_id, description, fee, location) VALUES (39, 'Vaccination', 11, 'Vaccination provided by the ENT department.', 750, 'Main Building, Floor 1');
INSERT INTO services (id, name, department_id, description, fee, location) VALUES (40, 'Health Package - Basic', 14, 'Health Package - Basic provided by the Psychiatry department.', 2500, 'Main Building, Floor 4');
INSERT INTO services (id, name, department_id, description, fee, location) VALUES (41, 'Health Package - Executive', 14, 'Health Package - Executive provided by the Psychiatry department.', 5950, 'Main Building, Floor 4');
INSERT INTO services (id, name, department_id, description, fee, location) VALUES (42, 'Dialysis Session', 10, 'Dialysis Session provided by the Dermatology department.', 3100, 'Main Building, Floor 1');
INSERT INTO services (id, name, department_id, description, fee, location) VALUES (43, 'Endoscopy', 10, 'Endoscopy provided by the Dermatology department.', 3500, 'Main Building, Floor 1');
INSERT INTO services (id, name, department_id, description, fee, location) VALUES (44, 'Biopsy', 4, 'Biopsy provided by the Neurology department.', 5100, 'Main Building, Floor 4');
INSERT INTO services (id, name, department_id, description, fee, location) VALUES (45, 'Dental Cleaning', 17, 'Dental Cleaning provided by the Emergency department.', 1000, 'Main Building, Floor 0');
INSERT INTO services (id, name, department_id, description, fee, location) VALUES (46, 'Eye Test', 5, 'Eye Test provided by the Gastroenterology department.', 350, 'Main Building, Floor 2');
INSERT INTO services (id, name, department_id, description, fee, location) VALUES (47, 'Hearing Test', 8, 'Hearing Test provided by the Pediatrics department.', 450, 'Main Building, Floor 1');
INSERT INTO services (id, name, department_id, description, fee, location) VALUES (48, 'Pregnancy Ultrasound', 12, 'Pregnancy Ultrasound provided by the Ophthalmology department.', 1600, 'Main Building, Floor 1');
INSERT INTO services (id, name, department_id, description, fee, location) VALUES (49, 'Chemotherapy Session', 12, 'Chemotherapy Session provided by the Ophthalmology department.', 14950, 'Main Building, Floor 1');
INSERT INTO services (id, name, department_id, description, fee, location) VALUES (50, 'Emergency Consultation', 9, 'Emergency Consultation provided by the Gynecology department.', 1100, 'Main Building, Floor 2');
INSERT INTO services (id, name, department_id, description, fee, location) VALUES (51, 'OPD Consultation', 8, 'OPD Consultation provided by the Pediatrics department.', 550, 'Main Building, Floor 1');
INSERT INTO services (id, name, department_id, description, fee, location) VALUES (52, 'General Checkup', 18, 'General Checkup provided by the Radiology & Imaging department.', 500, 'Diagnostics Building, Floor 0');
INSERT INTO services (id, name, department_id, description, fee, location) VALUES (53, 'Follow-up Consultation', 20, 'Follow-up Consultation provided by the Pharmacy department.', 400, 'Main Building, Floor 0');
INSERT INTO services (id, name, department_id, description, fee, location) VALUES (54, 'Blood Test - CBC', 1, 'Blood Test - CBC provided by the General Medicine department.', 450, 'Main Building, Floor 1');
INSERT INTO services (id, name, department_id, description, fee, location) VALUES (55, 'Blood Test - Lipid Profile', 9, 'Blood Test - Lipid Profile provided by the Gynecology department.', 550, 'Main Building, Floor 2');
INSERT INTO services (id, name, department_id, description, fee, location) VALUES (56, 'X-Ray', 6, 'X-Ray provided by the Pulmonology department.', 500, 'Main Building, Floor 3');
INSERT INTO services (id, name, department_id, description, fee, location) VALUES (57, 'CT Scan', 10, 'CT Scan provided by the Dermatology department.', 4500, 'Main Building, Floor 1');
INSERT INTO services (id, name, department_id, description, fee, location) VALUES (58, 'MRI Scan', 12, 'MRI Scan provided by the Ophthalmology department.', 7450, 'Main Building, Floor 1');
INSERT INTO services (id, name, department_id, description, fee, location) VALUES (59, 'Ultrasound', 6, 'Ultrasound provided by the Pulmonology department.', 1200, 'Main Building, Floor 3');
INSERT INTO services (id, name, department_id, description, fee, location) VALUES (60, 'ECG', 19, 'ECG provided by the Laboratory department.', 450, 'Diagnostics Building, Floor 0');
INSERT INTO services (id, name, department_id, description, fee, location) VALUES (61, 'Echocardiogram', 3, 'Echocardiogram provided by the Orthopedics department.', 2000, 'Main Building, Floor 2');
INSERT INTO services (id, name, department_id, description, fee, location) VALUES (62, 'Physiotherapy Session', 1, 'Physiotherapy Session provided by the General Medicine department.', 650, 'Main Building, Floor 1');
INSERT INTO services (id, name, department_id, description, fee, location) VALUES (63, 'Minor Procedure', 17, 'Minor Procedure provided by the Emergency department.', 2500, 'Main Building, Floor 0');
INSERT INTO services (id, name, department_id, description, fee, location) VALUES (64, 'Vaccination', 13, 'Vaccination provided by the Dentistry department.', 850, 'Main Building, Floor 0');
INSERT INTO services (id, name, department_id, description, fee, location) VALUES (65, 'Health Package - Basic', 15, 'Health Package - Basic provided by the Nephrology department.', 2500, 'Main Building, Floor 3');
INSERT INTO services (id, name, department_id, description, fee, location) VALUES (66, 'Health Package - Executive', 6, 'Health Package - Executive provided by the Pulmonology department.', 6000, 'Main Building, Floor 3');
INSERT INTO services (id, name, department_id, description, fee, location) VALUES (67, 'Dialysis Session', 10, 'Dialysis Session provided by the Dermatology department.', 3000, 'Main Building, Floor 1');
INSERT INTO services (id, name, department_id, description, fee, location) VALUES (68, 'Endoscopy', 19, 'Endoscopy provided by the Laboratory department.', 3600, 'Diagnostics Building, Floor 0');
INSERT INTO services (id, name, department_id, description, fee, location) VALUES (69, 'Biopsy', 3, 'Biopsy provided by the Orthopedics department.', 4950, 'Main Building, Floor 2');
INSERT INTO services (id, name, department_id, description, fee, location) VALUES (70, 'Dental Cleaning', 5, 'Dental Cleaning provided by the Gastroenterology department.', 1000, 'Main Building, Floor 2');
INSERT INTO services (id, name, department_id, description, fee, location) VALUES (71, 'Eye Test', 20, 'Eye Test provided by the Pharmacy department.', 250, 'Main Building, Floor 0');
INSERT INTO services (id, name, department_id, description, fee, location) VALUES (72, 'Hearing Test', 3, 'Hearing Test provided by the Orthopedics department.', 500, 'Main Building, Floor 2');
INSERT INTO services (id, name, department_id, description, fee, location) VALUES (73, 'Pregnancy Ultrasound', 15, 'Pregnancy Ultrasound provided by the Nephrology department.', 1550, 'Main Building, Floor 3');
INSERT INTO services (id, name, department_id, description, fee, location) VALUES (74, 'Chemotherapy Session', 16, 'Chemotherapy Session provided by the Urology department.', 15100, 'Main Building, Floor 3');
INSERT INTO services (id, name, department_id, description, fee, location) VALUES (75, 'Emergency Consultation', 15, 'Emergency Consultation provided by the Nephrology department.', 1050, 'Main Building, Floor 3');
INSERT INTO services (id, name, department_id, description, fee, location) VALUES (76, 'OPD Consultation', 9, 'OPD Consultation provided by the Gynecology department.', 500, 'Main Building, Floor 2');
INSERT INTO services (id, name, department_id, description, fee, location) VALUES (77, 'General Checkup', 17, 'General Checkup provided by the Emergency department.', 350, 'Main Building, Floor 0');
INSERT INTO services (id, name, department_id, description, fee, location) VALUES (78, 'Follow-up Consultation', 12, 'Follow-up Consultation provided by the Ophthalmology department.', 350, 'Main Building, Floor 1');
INSERT INTO services (id, name, department_id, description, fee, location) VALUES (79, 'Blood Test - CBC', 4, 'Blood Test - CBC provided by the Neurology department.', 350, 'Main Building, Floor 4');
INSERT INTO services (id, name, department_id, description, fee, location) VALUES (80, 'Blood Test - Lipid Profile', 19, 'Blood Test - Lipid Profile provided by the Laboratory department.', 650, 'Diagnostics Building, Floor 0');
INSERT INTO services (id, name, department_id, description, fee, location) VALUES (81, 'X-Ray', 17, 'X-Ray provided by the Emergency department.', 500, 'Main Building, Floor 0');
INSERT INTO services (id, name, department_id, description, fee, location) VALUES (82, 'CT Scan', 2, 'CT Scan provided by the Cardiology department.', 4500, 'Main Building, Floor 3');
INSERT INTO services (id, name, department_id, description, fee, location) VALUES (83, 'MRI Scan', 13, 'MRI Scan provided by the Dentistry department.', 7600, 'Main Building, Floor 0');
INSERT INTO services (id, name, department_id, description, fee, location) VALUES (84, 'Ultrasound', 2, 'Ultrasound provided by the Cardiology department.', 1150, 'Main Building, Floor 3');
INSERT INTO services (id, name, department_id, description, fee, location) VALUES (85, 'ECG', 7, 'ECG provided by the Oncology department.', 400, 'Cancer Care Building, Floor 5');
INSERT INTO services (id, name, department_id, description, fee, location) VALUES (86, 'Echocardiogram', 7, 'Echocardiogram provided by the Oncology department.', 2000, 'Cancer Care Building, Floor 5');
INSERT INTO services (id, name, department_id, description, fee, location) VALUES (87, 'Physiotherapy Session', 9, 'Physiotherapy Session provided by the Gynecology department.', 700, 'Main Building, Floor 2');
INSERT INTO services (id, name, department_id, description, fee, location) VALUES (88, 'Minor Procedure', 11, 'Minor Procedure provided by the ENT department.', 2450, 'Main Building, Floor 1');
INSERT INTO services (id, name, department_id, description, fee, location) VALUES (89, 'Vaccination', 1, 'Vaccination provided by the General Medicine department.', 850, 'Main Building, Floor 1');
INSERT INTO services (id, name, department_id, description, fee, location) VALUES (90, 'Health Package - Basic', 14, 'Health Package - Basic provided by the Psychiatry department.', 2500, 'Main Building, Floor 4');
INSERT INTO services (id, name, department_id, description, fee, location) VALUES (91, 'Health Package - Executive', 5, 'Health Package - Executive provided by the Gastroenterology department.', 6050, 'Main Building, Floor 2');
INSERT INTO services (id, name, department_id, description, fee, location) VALUES (92, 'Dialysis Session', 18, 'Dialysis Session provided by the Radiology & Imaging department.', 3000, 'Diagnostics Building, Floor 0');
INSERT INTO services (id, name, department_id, description, fee, location) VALUES (93, 'Endoscopy', 17, 'Endoscopy provided by the Emergency department.', 3600, 'Main Building, Floor 0');
INSERT INTO services (id, name, department_id, description, fee, location) VALUES (94, 'Biopsy', 12, 'Biopsy provided by the Ophthalmology department.', 4950, 'Main Building, Floor 1');
INSERT INTO services (id, name, department_id, description, fee, location) VALUES (95, 'Dental Cleaning', 13, 'Dental Cleaning provided by the Dentistry department.', 950, 'Main Building, Floor 0');
INSERT INTO services (id, name, department_id, description, fee, location) VALUES (96, 'Eye Test', 14, 'Eye Test provided by the Psychiatry department.', 250, 'Main Building, Floor 4');
INSERT INTO services (id, name, department_id, description, fee, location) VALUES (97, 'Hearing Test', 15, 'Hearing Test provided by the Nephrology department.', 450, 'Main Building, Floor 3');
INSERT INTO services (id, name, department_id, description, fee, location) VALUES (98, 'Pregnancy Ultrasound', 11, 'Pregnancy Ultrasound provided by the ENT department.', 1600, 'Main Building, Floor 1');
INSERT INTO services (id, name, department_id, description, fee, location) VALUES (99, 'Chemotherapy Session', 14, 'Chemotherapy Session provided by the Psychiatry department.', 15100, 'Main Building, Floor 4');
INSERT INTO services (id, name, department_id, description, fee, location) VALUES (100, 'Emergency Consultation', 13, 'Emergency Consultation provided by the Dentistry department.', 1050, 'Main Building, Floor 0');
INSERT INTO services (id, name, department_id, description, fee, location) VALUES (101, 'OPD Consultation', 10, 'OPD Consultation provided by the Dermatology department.', 450, 'Main Building, Floor 1');
INSERT INTO services (id, name, department_id, description, fee, location) VALUES (102, 'General Checkup', 13, 'General Checkup provided by the Dentistry department.', 350, 'Main Building, Floor 0');
INSERT INTO services (id, name, department_id, description, fee, location) VALUES (103, 'Follow-up Consultation', 11, 'Follow-up Consultation provided by the ENT department.', 300, 'Main Building, Floor 1');
INSERT INTO services (id, name, department_id, description, fee, location) VALUES (104, 'Blood Test - CBC', 20, 'Blood Test - CBC provided by the Pharmacy department.', 400, 'Main Building, Floor 0');
INSERT INTO services (id, name, department_id, description, fee, location) VALUES (105, 'Blood Test - Lipid Profile', 12, 'Blood Test - Lipid Profile provided by the Ophthalmology department.', 550, 'Main Building, Floor 1');
INSERT INTO services (id, name, department_id, description, fee, location) VALUES (106, 'X-Ray', 14, 'X-Ray provided by the Psychiatry department.', 450, 'Main Building, Floor 4');
INSERT INTO services (id, name, department_id, description, fee, location) VALUES (107, 'CT Scan', 8, 'CT Scan provided by the Pediatrics department.', 4550, 'Main Building, Floor 1');
INSERT INTO services (id, name, department_id, description, fee, location) VALUES (108, 'MRI Scan', 19, 'MRI Scan provided by the Laboratory department.', 7550, 'Diagnostics Building, Floor 0');
INSERT INTO services (id, name, department_id, description, fee, location) VALUES (109, 'Ultrasound', 17, 'Ultrasound provided by the Emergency department.', 1150, 'Main Building, Floor 0');
INSERT INTO services (id, name, department_id, description, fee, location) VALUES (110, 'ECG', 13, 'ECG provided by the Dentistry department.', 400, 'Main Building, Floor 0');
INSERT INTO services (id, name, department_id, description, fee, location) VALUES (111, 'Echocardiogram', 11, 'Echocardiogram provided by the ENT department.', 2000, 'Main Building, Floor 1');
INSERT INTO services (id, name, department_id, description, fee, location) VALUES (112, 'Physiotherapy Session', 11, 'Physiotherapy Session provided by the ENT department.', 700, 'Main Building, Floor 1');
INSERT INTO services (id, name, department_id, description, fee, location) VALUES (113, 'Minor Procedure', 3, 'Minor Procedure provided by the Orthopedics department.', 2600, 'Main Building, Floor 2');
INSERT INTO services (id, name, department_id, description, fee, location) VALUES (114, 'Vaccination', 4, 'Vaccination provided by the Neurology department.', 900, 'Main Building, Floor 4');
INSERT INTO services (id, name, department_id, description, fee, location) VALUES (115, 'Health Package - Basic', 17, 'Health Package - Basic provided by the Emergency department.', 2500, 'Main Building, Floor 0');
INSERT INTO services (id, name, department_id, description, fee, location) VALUES (116, 'Health Package - Executive', 12, 'Health Package - Executive provided by the Ophthalmology department.', 6000, 'Main Building, Floor 1');
INSERT INTO services (id, name, department_id, description, fee, location) VALUES (117, 'Dialysis Session', 5, 'Dialysis Session provided by the Gastroenterology department.', 3000, 'Main Building, Floor 2');
INSERT INTO services (id, name, department_id, description, fee, location) VALUES (118, 'Endoscopy', 4, 'Endoscopy provided by the Neurology department.', 3500, 'Main Building, Floor 4');
INSERT INTO services (id, name, department_id, description, fee, location) VALUES (119, 'Biopsy', 9, 'Biopsy provided by the Gynecology department.', 5000, 'Main Building, Floor 2');
INSERT INTO services (id, name, department_id, description, fee, location) VALUES (120, 'Dental Cleaning', 6, 'Dental Cleaning provided by the Pulmonology department.', 1100, 'Main Building, Floor 3');

-- procedures: 40 rows
INSERT INTO procedures (id, name, category, description, estimated_cost, prep_instructions) VALUES (1, 'Appendectomy', 'Surgery', 'Appendectomy - performed by our Surgery specialists.', 45000, '8 hours fasting required before surgery.');
INSERT INTO procedures (id, name, category, description, estimated_cost, prep_instructions) VALUES (2, 'Angioplasty', 'Cardiology', 'Angioplasty - performed by our Cardiology specialists.', 248000, 'Blood tests and consent form required.');
INSERT INTO procedures (id, name, category, description, estimated_cost, prep_instructions) VALUES (3, 'Knee Replacement', 'Orthopedics', 'Knee Replacement - performed by our Orthopedics specialists.', 350000, 'Pre-op assessment 1 week prior.');
INSERT INTO procedures (id, name, category, description, estimated_cost, prep_instructions) VALUES (4, 'Cataract Surgery', 'Ophthalmology', 'Cataract Surgery - performed by our Ophthalmology specialists.', 32000, 'Avoid eye makeup on the day of surgery.');
INSERT INTO procedures (id, name, category, description, estimated_cost, prep_instructions) VALUES (5, 'Gallbladder Removal', 'Surgery', 'Gallbladder Removal - performed by our Surgery specialists.', 62000, '12 hours fasting required.');
INSERT INTO procedures (id, name, category, description, estimated_cost, prep_instructions) VALUES (6, 'Root Canal Treatment', 'Dentistry', 'Root Canal Treatment - performed by our Dentistry specialists.', 11000, 'Avoid hot/cold food before procedure.');
INSERT INTO procedures (id, name, category, description, estimated_cost, prep_instructions) VALUES (7, 'Hernia Repair', 'Surgery', 'Hernia Repair - performed by our Surgery specialists.', 45000, 'Fasting for 8 hours before surgery.');
INSERT INTO procedures (id, name, category, description, estimated_cost, prep_instructions) VALUES (8, 'Cesarean Delivery', 'Gynecology', 'Cesarean Delivery - performed by our Gynecology specialists.', 57000, 'Admission 1 day prior recommended.');
INSERT INTO procedures (id, name, category, description, estimated_cost, prep_instructions) VALUES (9, 'Colonoscopy', 'Gastroenterology', 'Colonoscopy - performed by our Gastroenterology specialists.', 13000, 'Special diet 1 day before procedure.');
INSERT INTO procedures (id, name, category, description, estimated_cost, prep_instructions) VALUES (10, 'Hip Replacement', 'Orthopedics', 'Hip Replacement - performed by our Orthopedics specialists.', 385000, 'Pre-op physiotherapy assessment required.');
INSERT INTO procedures (id, name, category, description, estimated_cost, prep_instructions) VALUES (11, 'Appendectomy', 'Surgery', 'Appendectomy - performed by our Surgery specialists.', 45000, '8 hours fasting required before surgery.');
INSERT INTO procedures (id, name, category, description, estimated_cost, prep_instructions) VALUES (12, 'Angioplasty', 'Cardiology', 'Angioplasty - performed by our Cardiology specialists.', 250000, 'Blood tests and consent form required.');
INSERT INTO procedures (id, name, category, description, estimated_cost, prep_instructions) VALUES (13, 'Knee Replacement', 'Orthopedics', 'Knee Replacement - performed by our Orthopedics specialists.', 350000, 'Pre-op assessment 1 week prior.');
INSERT INTO procedures (id, name, category, description, estimated_cost, prep_instructions) VALUES (14, 'Cataract Surgery', 'Ophthalmology', 'Cataract Surgery - performed by our Ophthalmology specialists.', 32000, 'Avoid eye makeup on the day of surgery.');
INSERT INTO procedures (id, name, category, description, estimated_cost, prep_instructions) VALUES (15, 'Gallbladder Removal', 'Surgery', 'Gallbladder Removal - performed by our Surgery specialists.', 58000, '12 hours fasting required.');
INSERT INTO procedures (id, name, category, description, estimated_cost, prep_instructions) VALUES (16, 'Root Canal Treatment', 'Dentistry', 'Root Canal Treatment - performed by our Dentistry specialists.', 8000, 'Avoid hot/cold food before procedure.');
INSERT INTO procedures (id, name, category, description, estimated_cost, prep_instructions) VALUES (17, 'Hernia Repair', 'Surgery', 'Hernia Repair - performed by our Surgery specialists.', 42000, 'Fasting for 8 hours before surgery.');
INSERT INTO procedures (id, name, category, description, estimated_cost, prep_instructions) VALUES (18, 'Cesarean Delivery', 'Gynecology', 'Cesarean Delivery - performed by our Gynecology specialists.', 55000, 'Admission 1 day prior recommended.');
INSERT INTO procedures (id, name, category, description, estimated_cost, prep_instructions) VALUES (19, 'Colonoscopy', 'Gastroenterology', 'Colonoscopy - performed by our Gastroenterology specialists.', 8000, 'Special diet 1 day before procedure.');
INSERT INTO procedures (id, name, category, description, estimated_cost, prep_instructions) VALUES (20, 'Hip Replacement', 'Orthopedics', 'Hip Replacement - performed by our Orthopedics specialists.', 385000, 'Pre-op physiotherapy assessment required.');
INSERT INTO procedures (id, name, category, description, estimated_cost, prep_instructions) VALUES (21, 'Appendectomy', 'Surgery', 'Appendectomy - performed by our Surgery specialists.', 43000, '8 hours fasting required before surgery.');
INSERT INTO procedures (id, name, category, description, estimated_cost, prep_instructions) VALUES (22, 'Angioplasty', 'Cardiology', 'Angioplasty - performed by our Cardiology specialists.', 250000, 'Blood tests and consent form required.');
INSERT INTO procedures (id, name, category, description, estimated_cost, prep_instructions) VALUES (23, 'Knee Replacement', 'Orthopedics', 'Knee Replacement - performed by our Orthopedics specialists.', 355000, 'Pre-op assessment 1 week prior.');
INSERT INTO procedures (id, name, category, description, estimated_cost, prep_instructions) VALUES (24, 'Cataract Surgery', 'Ophthalmology', 'Cataract Surgery - performed by our Ophthalmology specialists.', 28000, 'Avoid eye makeup on the day of surgery.');
INSERT INTO procedures (id, name, category, description, estimated_cost, prep_instructions) VALUES (25, 'Gallbladder Removal', 'Surgery', 'Gallbladder Removal - performed by our Surgery specialists.', 60000, '12 hours fasting required.');
INSERT INTO procedures (id, name, category, description, estimated_cost, prep_instructions) VALUES (26, 'Root Canal Treatment', 'Dentistry', 'Root Canal Treatment - performed by our Dentistry specialists.', 8000, 'Avoid hot/cold food before procedure.');
INSERT INTO procedures (id, name, category, description, estimated_cost, prep_instructions) VALUES (27, 'Hernia Repair', 'Surgery', 'Hernia Repair - performed by our Surgery specialists.', 42000, 'Fasting for 8 hours before surgery.');
INSERT INTO procedures (id, name, category, description, estimated_cost, prep_instructions) VALUES (28, 'Cesarean Delivery', 'Gynecology', 'Cesarean Delivery - performed by our Gynecology specialists.', 53000, 'Admission 1 day prior recommended.');
INSERT INTO procedures (id, name, category, description, estimated_cost, prep_instructions) VALUES (29, 'Colonoscopy', 'Gastroenterology', 'Colonoscopy - performed by our Gastroenterology specialists.', 6000, 'Special diet 1 day before procedure.');
INSERT INTO procedures (id, name, category, description, estimated_cost, prep_instructions) VALUES (30, 'Hip Replacement', 'Orthopedics', 'Hip Replacement - performed by our Orthopedics specialists.', 380000, 'Pre-op physiotherapy assessment required.');
INSERT INTO procedures (id, name, category, description, estimated_cost, prep_instructions) VALUES (31, 'Appendectomy', 'Surgery', 'Appendectomy - performed by our Surgery specialists.', 45000, '8 hours fasting required before surgery.');
INSERT INTO procedures (id, name, category, description, estimated_cost, prep_instructions) VALUES (32, 'Angioplasty', 'Cardiology', 'Angioplasty - performed by our Cardiology specialists.', 248000, 'Blood tests and consent form required.');
INSERT INTO procedures (id, name, category, description, estimated_cost, prep_instructions) VALUES (33, 'Knee Replacement', 'Orthopedics', 'Knee Replacement - performed by our Orthopedics specialists.', 348000, 'Pre-op assessment 1 week prior.');
INSERT INTO procedures (id, name, category, description, estimated_cost, prep_instructions) VALUES (34, 'Cataract Surgery', 'Ophthalmology', 'Cataract Surgery - performed by our Ophthalmology specialists.', 35000, 'Avoid eye makeup on the day of surgery.');
INSERT INTO procedures (id, name, category, description, estimated_cost, prep_instructions) VALUES (35, 'Gallbladder Removal', 'Surgery', 'Gallbladder Removal - performed by our Surgery specialists.', 65000, '12 hours fasting required.');
INSERT INTO procedures (id, name, category, description, estimated_cost, prep_instructions) VALUES (36, 'Root Canal Treatment', 'Dentistry', 'Root Canal Treatment - performed by our Dentistry specialists.', 11000, 'Avoid hot/cold food before procedure.');
INSERT INTO procedures (id, name, category, description, estimated_cost, prep_instructions) VALUES (37, 'Hernia Repair', 'Surgery', 'Hernia Repair - performed by our Surgery specialists.', 42000, 'Fasting for 8 hours before surgery.');
INSERT INTO procedures (id, name, category, description, estimated_cost, prep_instructions) VALUES (38, 'Cesarean Delivery', 'Gynecology', 'Cesarean Delivery - performed by our Gynecology specialists.', 57000, 'Admission 1 day prior recommended.');
INSERT INTO procedures (id, name, category, description, estimated_cost, prep_instructions) VALUES (39, 'Colonoscopy', 'Gastroenterology', 'Colonoscopy - performed by our Gastroenterology specialists.', 13000, 'Special diet 1 day before procedure.');
INSERT INTO procedures (id, name, category, description, estimated_cost, prep_instructions) VALUES (40, 'Hip Replacement', 'Orthopedics', 'Hip Replacement - performed by our Orthopedics specialists.', 385000, 'Pre-op physiotherapy assessment required.');

-- required_documents: 24 rows
INSERT INTO required_documents (id, process_name, document_name, is_mandatory, notes) VALUES (1, 'Registration', 'Government ID Proof', 'yes', 'Required for the registration process.');
INSERT INTO required_documents (id, process_name, document_name, is_mandatory, notes) VALUES (2, 'Registration', 'Address Proof', 'yes', 'Required for the registration process.');
INSERT INTO required_documents (id, process_name, document_name, is_mandatory, notes) VALUES (3, 'Registration', 'Passport-size Photo', 'yes', 'Required for the registration process.');
INSERT INTO required_documents (id, process_name, document_name, is_mandatory, notes) VALUES (4, 'Registration', 'Referral Letter (if any)', 'no', 'Required for the registration process.');
INSERT INTO required_documents (id, process_name, document_name, is_mandatory, notes) VALUES (5, 'Admission', 'ID Proof', 'yes', 'Required for the admission process.');
INSERT INTO required_documents (id, process_name, document_name, is_mandatory, notes) VALUES (6, 'Admission', 'Insurance Card / Policy Document', 'yes', 'Required for the admission process.');
INSERT INTO required_documents (id, process_name, document_name, is_mandatory, notes) VALUES (7, 'Admission', 'Admission Deposit Receipt', 'yes', 'Required for the admission process.');
INSERT INTO required_documents (id, process_name, document_name, is_mandatory, notes) VALUES (8, 'Admission', 'Previous Medical Records', 'no', 'Required for the admission process.');
INSERT INTO required_documents (id, process_name, document_name, is_mandatory, notes) VALUES (9, 'Admission', 'Emergency Contact Details Form', 'yes', 'Required for the admission process.');
INSERT INTO required_documents (id, process_name, document_name, is_mandatory, notes) VALUES (10, 'Billing', 'Admission ID', 'yes', 'Required for the billing process.');
INSERT INTO required_documents (id, process_name, document_name, is_mandatory, notes) VALUES (11, 'Billing', 'Insurance Approval Letter (if applicable)', 'yes', 'Required for the billing process.');
INSERT INTO required_documents (id, process_name, document_name, is_mandatory, notes) VALUES (12, 'Billing', 'Itemized Bill Request Form', 'no', 'Required for the billing process.');
INSERT INTO required_documents (id, process_name, document_name, is_mandatory, notes) VALUES (13, 'Insurance', 'Insurance Policy Card', 'yes', 'Required for the insurance process.');
INSERT INTO required_documents (id, process_name, document_name, is_mandatory, notes) VALUES (14, 'Insurance', 'Government ID Proof', 'yes', 'Required for the insurance process.');
INSERT INTO required_documents (id, process_name, document_name, is_mandatory, notes) VALUES (15, 'Insurance', 'Pre-authorization Form', 'yes', 'Required for the insurance process.');
INSERT INTO required_documents (id, process_name, document_name, is_mandatory, notes) VALUES (16, 'Insurance', 'Claim Form', 'no', 'Required for the insurance process.');
INSERT INTO required_documents (id, process_name, document_name, is_mandatory, notes) VALUES (17, 'Insurance', 'Hospital Empanelment Letter', 'yes', 'Required for the insurance process.');
INSERT INTO required_documents (id, process_name, document_name, is_mandatory, notes) VALUES (18, 'Discharge', 'Discharge Summary Acknowledgement', 'yes', 'Required for the discharge process.');
INSERT INTO required_documents (id, process_name, document_name, is_mandatory, notes) VALUES (19, 'Discharge', 'Final Bill Payment Receipt', 'yes', 'Required for the discharge process.');
INSERT INTO required_documents (id, process_name, document_name, is_mandatory, notes) VALUES (20, 'Discharge', 'Follow-up Appointment Slip', 'no', 'Required for the discharge process.');
INSERT INTO required_documents (id, process_name, document_name, is_mandatory, notes) VALUES (21, 'Laboratory', 'Doctor''s Test Prescription', 'yes', 'Required for the laboratory process.');
INSERT INTO required_documents (id, process_name, document_name, is_mandatory, notes) VALUES (22, 'Laboratory', 'Patient ID Card', 'yes', 'Required for the laboratory process.');
INSERT INTO required_documents (id, process_name, document_name, is_mandatory, notes) VALUES (23, 'Pharmacy', 'Doctor''s Prescription', 'yes', 'Required for the pharmacy process.');
INSERT INTO required_documents (id, process_name, document_name, is_mandatory, notes) VALUES (24, 'Pharmacy', 'Patient ID Card', 'no', 'Required for the pharmacy process.');

-- buildings: 4 rows
INSERT INTO buildings (id, name, description) VALUES (1, 'Main Building', 'OPD, wards, and administrative offices');
INSERT INTO buildings (id, name, description) VALUES (2, 'Diagnostics Building', 'Laboratory, radiology, and imaging');
INSERT INTO buildings (id, name, description) VALUES (3, 'Cancer Care Building', 'Oncology and chemotherapy day-care');
INSERT INTO buildings (id, name, description) VALUES (4, 'Emergency Block', '24x7 emergency and trauma care');

-- floors: 20 rows
INSERT INTO floors (id, building_id, floor_number, label) VALUES (1, 1, 0, 'Ground Floor - Reception & Emergency');
INSERT INTO floors (id, building_id, floor_number, label) VALUES (2, 1, 1, 'Floor 1');
INSERT INTO floors (id, building_id, floor_number, label) VALUES (3, 1, 2, 'Floor 2');
INSERT INTO floors (id, building_id, floor_number, label) VALUES (4, 1, 3, 'Floor 3');
INSERT INTO floors (id, building_id, floor_number, label) VALUES (5, 1, 4, 'Floor 4');
INSERT INTO floors (id, building_id, floor_number, label) VALUES (6, 2, 0, 'Ground Floor - Reception & Emergency');
INSERT INTO floors (id, building_id, floor_number, label) VALUES (7, 2, 1, 'Floor 1');
INSERT INTO floors (id, building_id, floor_number, label) VALUES (8, 2, 2, 'Floor 2');
INSERT INTO floors (id, building_id, floor_number, label) VALUES (9, 2, 3, 'Floor 3');
INSERT INTO floors (id, building_id, floor_number, label) VALUES (10, 2, 4, 'Floor 4');
INSERT INTO floors (id, building_id, floor_number, label) VALUES (11, 3, 0, 'Ground Floor - Reception & Emergency');
INSERT INTO floors (id, building_id, floor_number, label) VALUES (12, 3, 1, 'Floor 1');
INSERT INTO floors (id, building_id, floor_number, label) VALUES (13, 3, 2, 'Floor 2');
INSERT INTO floors (id, building_id, floor_number, label) VALUES (14, 3, 3, 'Floor 3');
INSERT INTO floors (id, building_id, floor_number, label) VALUES (15, 3, 4, 'Floor 4');
INSERT INTO floors (id, building_id, floor_number, label) VALUES (16, 4, 0, 'Ground Floor - Reception & Emergency');
INSERT INTO floors (id, building_id, floor_number, label) VALUES (17, 4, 1, 'Floor 1');
INSERT INTO floors (id, building_id, floor_number, label) VALUES (18, 4, 2, 'Floor 2');
INSERT INTO floors (id, building_id, floor_number, label) VALUES (19, 4, 3, 'Floor 3');
INSERT INTO floors (id, building_id, floor_number, label) VALUES (20, 4, 4, 'Floor 4');

-- rooms: 160 rows
INSERT INTO rooms (id, floor_id, room_number, room_type, department_name) VALUES (1, 1, '001', 'Lab', 'Cardiology');
INSERT INTO rooms (id, floor_id, room_number, room_type, department_name) VALUES (2, 1, '002', 'Consultation', 'Laboratory');
INSERT INTO rooms (id, floor_id, room_number, room_type, department_name) VALUES (3, 1, '003', 'ICU', 'Oncology');
INSERT INTO rooms (id, floor_id, room_number, room_type, department_name) VALUES (4, 1, '004', 'Lab', 'Pharmacy');
INSERT INTO rooms (id, floor_id, room_number, room_type, department_name) VALUES (5, 1, '005', 'Ward', 'Emergency');
INSERT INTO rooms (id, floor_id, room_number, room_type, department_name) VALUES (6, 1, '006', 'Lab', 'Cardiology');
INSERT INTO rooms (id, floor_id, room_number, room_type, department_name) VALUES (7, 1, '007', 'Procedure Room', 'Neurology');
INSERT INTO rooms (id, floor_id, room_number, room_type, department_name) VALUES (8, 1, '008', 'Consultation', 'ENT');
INSERT INTO rooms (id, floor_id, room_number, room_type, department_name) VALUES (9, 2, '101', 'Pharmacy', 'Orthopedics');
INSERT INTO rooms (id, floor_id, room_number, room_type, department_name) VALUES (10, 2, '102', 'OPD', 'Pulmonology');
INSERT INTO rooms (id, floor_id, room_number, room_type, department_name) VALUES (11, 2, '103', 'Consultation', 'Pediatrics');
INSERT INTO rooms (id, floor_id, room_number, room_type, department_name) VALUES (12, 2, '104', 'Lab', 'Nephrology');
INSERT INTO rooms (id, floor_id, room_number, room_type, department_name) VALUES (13, 2, '105', 'Pharmacy', 'Emergency');
INSERT INTO rooms (id, floor_id, room_number, room_type, department_name) VALUES (14, 2, '106', 'Ward', 'Pharmacy');
INSERT INTO rooms (id, floor_id, room_number, room_type, department_name) VALUES (15, 2, '107', 'ICU', 'Ophthalmology');
INSERT INTO rooms (id, floor_id, room_number, room_type, department_name) VALUES (16, 2, '108', 'Lab', 'Dermatology');
INSERT INTO rooms (id, floor_id, room_number, room_type, department_name) VALUES (17, 3, '201', 'Procedure Room', 'Psychiatry');
INSERT INTO rooms (id, floor_id, room_number, room_type, department_name) VALUES (18, 3, '202', 'Consultation', 'ENT');
INSERT INTO rooms (id, floor_id, room_number, room_type, department_name) VALUES (19, 3, '203', 'OPD', 'Pharmacy');
INSERT INTO rooms (id, floor_id, room_number, room_type, department_name) VALUES (20, 3, '204', 'OPD', 'ENT');
INSERT INTO rooms (id, floor_id, room_number, room_type, department_name) VALUES (21, 3, '205', 'OPD', 'ENT');
INSERT INTO rooms (id, floor_id, room_number, room_type, department_name) VALUES (22, 3, '206', 'Consultation', 'Radiology & Imaging');
INSERT INTO rooms (id, floor_id, room_number, room_type, department_name) VALUES (23, 3, '207', 'ICU', 'Dentistry');
INSERT INTO rooms (id, floor_id, room_number, room_type, department_name) VALUES (24, 3, '208', 'Consultation', 'Gynecology');
INSERT INTO rooms (id, floor_id, room_number, room_type, department_name) VALUES (25, 4, '301', 'Procedure Room', 'Pharmacy');
INSERT INTO rooms (id, floor_id, room_number, room_type, department_name) VALUES (26, 4, '302', 'ICU', 'Gastroenterology');
INSERT INTO rooms (id, floor_id, room_number, room_type, department_name) VALUES (27, 4, '303', 'Pharmacy', 'Orthopedics');
INSERT INTO rooms (id, floor_id, room_number, room_type, department_name) VALUES (28, 4, '304', 'ICU', 'Gastroenterology');
INSERT INTO rooms (id, floor_id, room_number, room_type, department_name) VALUES (29, 4, '305', 'Consultation', 'Dermatology');
INSERT INTO rooms (id, floor_id, room_number, room_type, department_name) VALUES (30, 4, '306', 'Ward', 'Dentistry');
INSERT INTO rooms (id, floor_id, room_number, room_type, department_name) VALUES (31, 4, '307', 'Consultation', 'Pharmacy');
INSERT INTO rooms (id, floor_id, room_number, room_type, department_name) VALUES (32, 4, '308', 'ICU', 'Orthopedics');
INSERT INTO rooms (id, floor_id, room_number, room_type, department_name) VALUES (33, 5, '401', 'Lab', 'Radiology & Imaging');
INSERT INTO rooms (id, floor_id, room_number, room_type, department_name) VALUES (34, 5, '402', 'Procedure Room', 'ENT');
INSERT INTO rooms (id, floor_id, room_number, room_type, department_name) VALUES (35, 5, '403', 'Consultation', 'Gastroenterology');
INSERT INTO rooms (id, floor_id, room_number, room_type, department_name) VALUES (36, 5, '404', 'OPD', 'Emergency');
INSERT INTO rooms (id, floor_id, room_number, room_type, department_name) VALUES (37, 5, '405', 'Pharmacy', 'Psychiatry');
INSERT INTO rooms (id, floor_id, room_number, room_type, department_name) VALUES (38, 5, '406', 'OPD', 'Ophthalmology');
INSERT INTO rooms (id, floor_id, room_number, room_type, department_name) VALUES (39, 5, '407', 'ICU', 'Ophthalmology');
INSERT INTO rooms (id, floor_id, room_number, room_type, department_name) VALUES (40, 5, '408', 'Ward', 'Pulmonology');
INSERT INTO rooms (id, floor_id, room_number, room_type, department_name) VALUES (41, 6, '001', 'Procedure Room', 'ENT');
INSERT INTO rooms (id, floor_id, room_number, room_type, department_name) VALUES (42, 6, '002', 'Ward', 'Urology');
INSERT INTO rooms (id, floor_id, room_number, room_type, department_name) VALUES (43, 6, '003', 'Ward', 'Pediatrics');
INSERT INTO rooms (id, floor_id, room_number, room_type, department_name) VALUES (44, 6, '004', 'OPD', 'Gastroenterology');
INSERT INTO rooms (id, floor_id, room_number, room_type, department_name) VALUES (45, 6, '005', 'Procedure Room', 'Dermatology');
INSERT INTO rooms (id, floor_id, room_number, room_type, department_name) VALUES (46, 6, '006', 'Pharmacy', 'Neurology');
INSERT INTO rooms (id, floor_id, room_number, room_type, department_name) VALUES (47, 6, '007', 'Procedure Room', 'Radiology & Imaging');
INSERT INTO rooms (id, floor_id, room_number, room_type, department_name) VALUES (48, 6, '008', 'OPD', 'Emergency');
INSERT INTO rooms (id, floor_id, room_number, room_type, department_name) VALUES (49, 7, '101', 'Procedure Room', 'ENT');
INSERT INTO rooms (id, floor_id, room_number, room_type, department_name) VALUES (50, 7, '102', 'Ward', 'Pharmacy');
INSERT INTO rooms (id, floor_id, room_number, room_type, department_name) VALUES (51, 7, '103', 'Lab', 'Pharmacy');
INSERT INTO rooms (id, floor_id, room_number, room_type, department_name) VALUES (52, 7, '104', 'Ward', 'Gastroenterology');
INSERT INTO rooms (id, floor_id, room_number, room_type, department_name) VALUES (53, 7, '105', 'Procedure Room', 'Pulmonology');
INSERT INTO rooms (id, floor_id, room_number, room_type, department_name) VALUES (54, 7, '106', 'Procedure Room', 'Pharmacy');
INSERT INTO rooms (id, floor_id, room_number, room_type, department_name) VALUES (55, 7, '107', 'Consultation', 'Pulmonology');
INSERT INTO rooms (id, floor_id, room_number, room_type, department_name) VALUES (56, 7, '108', 'OPD', 'Nephrology');
INSERT INTO rooms (id, floor_id, room_number, room_type, department_name) VALUES (57, 8, '201', 'ICU', 'Psychiatry');
INSERT INTO rooms (id, floor_id, room_number, room_type, department_name) VALUES (58, 8, '202', 'Lab', 'Pediatrics');
INSERT INTO rooms (id, floor_id, room_number, room_type, department_name) VALUES (59, 8, '203', 'ICU', 'Pharmacy');
INSERT INTO rooms (id, floor_id, room_number, room_type, department_name) VALUES (60, 8, '204', 'Ward', 'Nephrology');
INSERT INTO rooms (id, floor_id, room_number, room_type, department_name) VALUES (61, 8, '205', 'Ward', 'Radiology & Imaging');
INSERT INTO rooms (id, floor_id, room_number, room_type, department_name) VALUES (62, 8, '206', 'Procedure Room', 'Dermatology');
INSERT INTO rooms (id, floor_id, room_number, room_type, department_name) VALUES (63, 8, '207', 'Procedure Room', 'Urology');
INSERT INTO rooms (id, floor_id, room_number, room_type, department_name) VALUES (64, 8, '208', 'ICU', 'Oncology');
INSERT INTO rooms (id, floor_id, room_number, room_type, department_name) VALUES (65, 9, '301', 'Lab', 'Laboratory');
INSERT INTO rooms (id, floor_id, room_number, room_type, department_name) VALUES (66, 9, '302', 'Procedure Room', 'Nephrology');
INSERT INTO rooms (id, floor_id, room_number, room_type, department_name) VALUES (67, 9, '303', 'Procedure Room', 'Dermatology');
INSERT INTO rooms (id, floor_id, room_number, room_type, department_name) VALUES (68, 9, '304', 'Pharmacy', 'Dentistry');
INSERT INTO rooms (id, floor_id, room_number, room_type, department_name) VALUES (69, 9, '305', 'Lab', 'Emergency');
INSERT INTO rooms (id, floor_id, room_number, room_type, department_name) VALUES (70, 9, '306', 'Procedure Room', 'Pulmonology');
INSERT INTO rooms (id, floor_id, room_number, room_type, department_name) VALUES (71, 9, '307', 'Procedure Room', 'Oncology');
INSERT INTO rooms (id, floor_id, room_number, room_type, department_name) VALUES (72, 9, '308', 'Ward', 'Pharmacy');
INSERT INTO rooms (id, floor_id, room_number, room_type, department_name) VALUES (73, 10, '401', 'OPD', 'Gynecology');
INSERT INTO rooms (id, floor_id, room_number, room_type, department_name) VALUES (74, 10, '402', 'Procedure Room', 'Urology');
INSERT INTO rooms (id, floor_id, room_number, room_type, department_name) VALUES (75, 10, '403', 'Pharmacy', 'Ophthalmology');
INSERT INTO rooms (id, floor_id, room_number, room_type, department_name) VALUES (76, 10, '404', 'Consultation', 'Neurology');
INSERT INTO rooms (id, floor_id, room_number, room_type, department_name) VALUES (77, 10, '405', 'Procedure Room', 'Emergency');
INSERT INTO rooms (id, floor_id, room_number, room_type, department_name) VALUES (78, 10, '406', 'ICU', 'Neurology');
INSERT INTO rooms (id, floor_id, room_number, room_type, department_name) VALUES (79, 10, '407', 'Procedure Room', 'Orthopedics');
INSERT INTO rooms (id, floor_id, room_number, room_type, department_name) VALUES (80, 10, '408', 'ICU', 'Pulmonology');
INSERT INTO rooms (id, floor_id, room_number, room_type, department_name) VALUES (81, 11, '001', 'Pharmacy', 'Nephrology');
INSERT INTO rooms (id, floor_id, room_number, room_type, department_name) VALUES (82, 11, '002', 'Procedure Room', 'Gastroenterology');
INSERT INTO rooms (id, floor_id, room_number, room_type, department_name) VALUES (83, 11, '003', 'OPD', 'Psychiatry');
INSERT INTO rooms (id, floor_id, room_number, room_type, department_name) VALUES (84, 11, '004', 'Procedure Room', 'Pediatrics');
INSERT INTO rooms (id, floor_id, room_number, room_type, department_name) VALUES (85, 11, '005', 'ICU', 'Nephrology');
INSERT INTO rooms (id, floor_id, room_number, room_type, department_name) VALUES (86, 11, '006', 'Lab', 'General Medicine');
INSERT INTO rooms (id, floor_id, room_number, room_type, department_name) VALUES (87, 11, '007', 'Lab', 'Cardiology');
INSERT INTO rooms (id, floor_id, room_number, room_type, department_name) VALUES (88, 11, '008', 'ICU', 'Emergency');
INSERT INTO rooms (id, floor_id, room_number, room_type, department_name) VALUES (89, 12, '101', 'Lab', 'Pediatrics');
INSERT INTO rooms (id, floor_id, room_number, room_type, department_name) VALUES (90, 12, '102', 'ICU', 'Orthopedics');
INSERT INTO rooms (id, floor_id, room_number, room_type, department_name) VALUES (91, 12, '103', 'OPD', 'Pediatrics');
INSERT INTO rooms (id, floor_id, room_number, room_type, department_name) VALUES (92, 12, '104', 'OPD', 'ENT');
INSERT INTO rooms (id, floor_id, room_number, room_type, department_name) VALUES (93, 12, '105', 'Procedure Room', 'ENT');
INSERT INTO rooms (id, floor_id, room_number, room_type, department_name) VALUES (94, 12, '106', 'Ward', 'Gastroenterology');
INSERT INTO rooms (id, floor_id, room_number, room_type, department_name) VALUES (95, 12, '107', 'ICU', 'Cardiology');
INSERT INTO rooms (id, floor_id, room_number, room_type, department_name) VALUES (96, 12, '108', 'Consultation', 'Urology');
INSERT INTO rooms (id, floor_id, room_number, room_type, department_name) VALUES (97, 13, '201', 'Procedure Room', 'Gastroenterology');
INSERT INTO rooms (id, floor_id, room_number, room_type, department_name) VALUES (98, 13, '202', 'Lab', 'Urology');
INSERT INTO rooms (id, floor_id, room_number, room_type, department_name) VALUES (99, 13, '203', 'OPD', 'Pharmacy');
INSERT INTO rooms (id, floor_id, room_number, room_type, department_name) VALUES (100, 13, '204', 'OPD', 'Orthopedics');
INSERT INTO rooms (id, floor_id, room_number, room_type, department_name) VALUES (101, 13, '205', 'Ward', 'Gynecology');
INSERT INTO rooms (id, floor_id, room_number, room_type, department_name) VALUES (102, 13, '206', 'Pharmacy', 'Gastroenterology');
INSERT INTO rooms (id, floor_id, room_number, room_type, department_name) VALUES (103, 13, '207', 'Pharmacy', 'Pharmacy');
INSERT INTO rooms (id, floor_id, room_number, room_type, department_name) VALUES (104, 13, '208', 'OPD', 'Psychiatry');
INSERT INTO rooms (id, floor_id, room_number, room_type, department_name) VALUES (105, 14, '301', 'Ward', 'Dermatology');
INSERT INTO rooms (id, floor_id, room_number, room_type, department_name) VALUES (106, 14, '302', 'OPD', 'Dermatology');
INSERT INTO rooms (id, floor_id, room_number, room_type, department_name) VALUES (107, 14, '303', 'Ward', 'Cardiology');
INSERT INTO rooms (id, floor_id, room_number, room_type, department_name) VALUES (108, 14, '304', 'Consultation', 'Psychiatry');
INSERT INTO rooms (id, floor_id, room_number, room_type, department_name) VALUES (109, 14, '305', 'Lab', 'Pharmacy');
INSERT INTO rooms (id, floor_id, room_number, room_type, department_name) VALUES (110, 14, '306', 'OPD', 'Orthopedics');
INSERT INTO rooms (id, floor_id, room_number, room_type, department_name) VALUES (111, 14, '307', 'Pharmacy', 'Urology');
INSERT INTO rooms (id, floor_id, room_number, room_type, department_name) VALUES (112, 14, '308', 'OPD', 'Radiology & Imaging');
INSERT INTO rooms (id, floor_id, room_number, room_type, department_name) VALUES (113, 15, '401', 'Pharmacy', 'Emergency');
INSERT INTO rooms (id, floor_id, room_number, room_type, department_name) VALUES (114, 15, '402', 'Consultation', 'Pediatrics');
INSERT INTO rooms (id, floor_id, room_number, room_type, department_name) VALUES (115, 15, '403', 'ICU', 'Gastroenterology');
INSERT INTO rooms (id, floor_id, room_number, room_type, department_name) VALUES (116, 15, '404', 'OPD', 'Psychiatry');
INSERT INTO rooms (id, floor_id, room_number, room_type, department_name) VALUES (117, 15, '405', 'ICU', 'Pharmacy');
INSERT INTO rooms (id, floor_id, room_number, room_type, department_name) VALUES (118, 15, '406', 'Pharmacy', 'Pediatrics');
INSERT INTO rooms (id, floor_id, room_number, room_type, department_name) VALUES (119, 15, '407', 'Ward', 'Psychiatry');
INSERT INTO rooms (id, floor_id, room_number, room_type, department_name) VALUES (120, 15, '408', 'Pharmacy', 'Orthopedics');
INSERT INTO rooms (id, floor_id, room_number, room_type, department_name) VALUES (121, 16, '001', 'OPD', 'Ophthalmology');
INSERT INTO rooms (id, floor_id, room_number, room_type, department_name) VALUES (122, 16, '002', 'Pharmacy', 'Emergency');
INSERT INTO rooms (id, floor_id, room_number, room_type, department_name) VALUES (123, 16, '003', 'Procedure Room', 'Emergency');
INSERT INTO rooms (id, floor_id, room_number, room_type, department_name) VALUES (124, 16, '004', 'Pharmacy', 'Emergency');
INSERT INTO rooms (id, floor_id, room_number, room_type, department_name) VALUES (125, 16, '005', 'Lab', 'General Medicine');
INSERT INTO rooms (id, floor_id, room_number, room_type, department_name) VALUES (126, 16, '006', 'OPD', 'Urology');
INSERT INTO rooms (id, floor_id, room_number, room_type, department_name) VALUES (127, 16, '007', 'ICU', 'Dentistry');
INSERT INTO rooms (id, floor_id, room_number, room_type, department_name) VALUES (128, 16, '008', 'Consultation', 'Gynecology');
INSERT INTO rooms (id, floor_id, room_number, room_type, department_name) VALUES (129, 17, '101', 'ICU', 'General Medicine');
INSERT INTO rooms (id, floor_id, room_number, room_type, department_name) VALUES (130, 17, '102', 'ICU', 'Orthopedics');
INSERT INTO rooms (id, floor_id, room_number, room_type, department_name) VALUES (131, 17, '103', 'Consultation', 'Pediatrics');
INSERT INTO rooms (id, floor_id, room_number, room_type, department_name) VALUES (132, 17, '104', 'Procedure Room', 'Neurology');
INSERT INTO rooms (id, floor_id, room_number, room_type, department_name) VALUES (133, 17, '105', 'Consultation', 'Laboratory');
INSERT INTO rooms (id, floor_id, room_number, room_type, department_name) VALUES (134, 17, '106', 'Ward', 'ENT');
INSERT INTO rooms (id, floor_id, room_number, room_type, department_name) VALUES (135, 17, '107', 'ICU', 'Cardiology');
INSERT INTO rooms (id, floor_id, room_number, room_type, department_name) VALUES (136, 17, '108', 'ICU', 'Radiology & Imaging');
INSERT INTO rooms (id, floor_id, room_number, room_type, department_name) VALUES (137, 18, '201', 'Procedure Room', 'Pulmonology');
INSERT INTO rooms (id, floor_id, room_number, room_type, department_name) VALUES (138, 18, '202', 'Consultation', 'Nephrology');
INSERT INTO rooms (id, floor_id, room_number, room_type, department_name) VALUES (139, 18, '203', 'Consultation', 'Urology');
INSERT INTO rooms (id, floor_id, room_number, room_type, department_name) VALUES (140, 18, '204', 'Procedure Room', 'Pulmonology');
INSERT INTO rooms (id, floor_id, room_number, room_type, department_name) VALUES (141, 18, '205', 'OPD', 'Gastroenterology');
INSERT INTO rooms (id, floor_id, room_number, room_type, department_name) VALUES (142, 18, '206', 'OPD', 'Nephrology');
INSERT INTO rooms (id, floor_id, room_number, room_type, department_name) VALUES (143, 18, '207', 'Ward', 'Dermatology');
INSERT INTO rooms (id, floor_id, room_number, room_type, department_name) VALUES (144, 18, '208', 'Procedure Room', 'Cardiology');
INSERT INTO rooms (id, floor_id, room_number, room_type, department_name) VALUES (145, 19, '301', 'OPD', 'Oncology');
INSERT INTO rooms (id, floor_id, room_number, room_type, department_name) VALUES (146, 19, '302', 'ICU', 'ENT');
INSERT INTO rooms (id, floor_id, room_number, room_type, department_name) VALUES (147, 19, '303', 'Lab', 'Emergency');
INSERT INTO rooms (id, floor_id, room_number, room_type, department_name) VALUES (148, 19, '304', 'Lab', 'Radiology & Imaging');
INSERT INTO rooms (id, floor_id, room_number, room_type, department_name) VALUES (149, 19, '305', 'OPD', 'Gynecology');
INSERT INTO rooms (id, floor_id, room_number, room_type, department_name) VALUES (150, 19, '306', 'ICU', 'Oncology');
INSERT INTO rooms (id, floor_id, room_number, room_type, department_name) VALUES (151, 19, '307', 'Procedure Room', 'Ophthalmology');
INSERT INTO rooms (id, floor_id, room_number, room_type, department_name) VALUES (152, 19, '308', 'Procedure Room', 'Cardiology');
INSERT INTO rooms (id, floor_id, room_number, room_type, department_name) VALUES (153, 20, '401', 'ICU', 'ENT');
INSERT INTO rooms (id, floor_id, room_number, room_type, department_name) VALUES (154, 20, '402', 'Procedure Room', 'Neurology');
INSERT INTO rooms (id, floor_id, room_number, room_type, department_name) VALUES (155, 20, '403', 'Lab', 'Ophthalmology');
INSERT INTO rooms (id, floor_id, room_number, room_type, department_name) VALUES (156, 20, '404', 'Consultation', 'Dentistry');
INSERT INTO rooms (id, floor_id, room_number, room_type, department_name) VALUES (157, 20, '405', 'Lab', 'Nephrology');
INSERT INTO rooms (id, floor_id, room_number, room_type, department_name) VALUES (158, 20, '406', 'Ward', 'ENT');
INSERT INTO rooms (id, floor_id, room_number, room_type, department_name) VALUES (159, 20, '407', 'Consultation', 'Urology');
INSERT INTO rooms (id, floor_id, room_number, room_type, department_name) VALUES (160, 20, '408', 'ICU', 'Urology');

-- faqs: 60 rows
INSERT INTO faqs (id, category, question, answer, keywords) VALUES (1, 'Registration', 'How do I register as a new patient?', 'Visit the Registration counter on the Ground Floor with a valid ID proof and address proof. A staff member will create your patient file and issue a Patient ID card.', 'registration');
INSERT INTO faqs (id, category, question, answer, keywords) VALUES (2, 'Billing', 'How can I get an itemized bill?', 'Submit an itemized bill request at the Billing counter (Ground Floor, Main Building) with your admission ID. Itemized bills are typically ready within 24 hours.', 'billing');
INSERT INTO faqs (id, category, question, answer, keywords) VALUES (3, 'Insurance', 'Which insurance providers are accepted?', 'Most major insurance providers are accepted through cashless and reimbursement claims. Please check with the Insurance Desk with your policy card for specific coverage.', 'insurance');
INSERT INTO faqs (id, category, question, answer, keywords) VALUES (4, 'Admission', 'What is required for hospital admission?', 'Bring your ID proof, insurance card (if applicable), and pay the admission deposit at the Admission counter. A bed will be allotted based on availability and doctor''s advice.', 'admission');
INSERT INTO faqs (id, category, question, answer, keywords) VALUES (5, 'Laboratory', 'Where is the laboratory located?', 'The Laboratory is on the Ground Floor of the Diagnostics Building. Bring your doctor''s test prescription and Patient ID card.', 'laboratory');
INSERT INTO faqs (id, category, question, answer, keywords) VALUES (6, 'Pharmacy', 'Where can I collect my medicines?', 'The Pharmacy is located on the Ground Floor of the Main Building, next to the OPD waiting area. Submit your doctor''s prescription at the counter.', 'pharmacy');
INSERT INTO faqs (id, category, question, answer, keywords) VALUES (7, 'Emergency', 'What should I do in a medical emergency?', 'Go directly to the Emergency Department (Ground Floor, Emergency Block, red signage) or alert any staff member immediately. Emergency care is available 24x7.', 'emergency');
INSERT INTO faqs (id, category, question, answer, keywords) VALUES (8, 'General', 'What are the hospital''s visiting hours?', 'General visiting hours are 11:00-13:00 and 17:00-19:00 daily. ICU visiting is restricted to immediate family with staff permission.', 'general');
INSERT INTO faqs (id, category, question, answer, keywords) VALUES (9, 'General', 'Is parking available?', 'Yes, multi-level parking is available near the Main Building entrance, with a dedicated drop-off zone for Emergency and elderly patients.', 'general');
INSERT INTO faqs (id, category, question, answer, keywords) VALUES (10, 'Discharge', 'How does the discharge process work?', 'Your doctor issues a discharge summary, the Billing counter settles the final bill, and the nursing station completes discharge formalities before you leave the ward.', 'discharge');
INSERT INTO faqs (id, category, question, answer, keywords) VALUES (11, 'Registration', 'How do I register as a new patient?', 'Visit the Registration counter on the Ground Floor with a valid ID proof and address proof. A staff member will create your patient file and issue a Patient ID card.', 'registration');
INSERT INTO faqs (id, category, question, answer, keywords) VALUES (12, 'Billing', 'How can I get an itemized bill?', 'Submit an itemized bill request at the Billing counter (Ground Floor, Main Building) with your admission ID. Itemized bills are typically ready within 24 hours.', 'billing');
INSERT INTO faqs (id, category, question, answer, keywords) VALUES (13, 'Insurance', 'Which insurance providers are accepted?', 'Most major insurance providers are accepted through cashless and reimbursement claims. Please check with the Insurance Desk with your policy card for specific coverage.', 'insurance');
INSERT INTO faqs (id, category, question, answer, keywords) VALUES (14, 'Admission', 'What is required for hospital admission?', 'Bring your ID proof, insurance card (if applicable), and pay the admission deposit at the Admission counter. A bed will be allotted based on availability and doctor''s advice.', 'admission');
INSERT INTO faqs (id, category, question, answer, keywords) VALUES (15, 'Laboratory', 'Where is the laboratory located?', 'The Laboratory is on the Ground Floor of the Diagnostics Building. Bring your doctor''s test prescription and Patient ID card.', 'laboratory');
INSERT INTO faqs (id, category, question, answer, keywords) VALUES (16, 'Pharmacy', 'Where can I collect my medicines?', 'The Pharmacy is located on the Ground Floor of the Main Building, next to the OPD waiting area. Submit your doctor''s prescription at the counter.', 'pharmacy');
INSERT INTO faqs (id, category, question, answer, keywords) VALUES (17, 'Emergency', 'What should I do in a medical emergency?', 'Go directly to the Emergency Department (Ground Floor, Emergency Block, red signage) or alert any staff member immediately. Emergency care is available 24x7.', 'emergency');
INSERT INTO faqs (id, category, question, answer, keywords) VALUES (18, 'General', 'What are the hospital''s visiting hours?', 'General visiting hours are 11:00-13:00 and 17:00-19:00 daily. ICU visiting is restricted to immediate family with staff permission.', 'general');
INSERT INTO faqs (id, category, question, answer, keywords) VALUES (19, 'General', 'Is parking available?', 'Yes, multi-level parking is available near the Main Building entrance, with a dedicated drop-off zone for Emergency and elderly patients.', 'general');
INSERT INTO faqs (id, category, question, answer, keywords) VALUES (20, 'Discharge', 'How does the discharge process work?', 'Your doctor issues a discharge summary, the Billing counter settles the final bill, and the nursing station completes discharge formalities before you leave the ward.', 'discharge');
INSERT INTO faqs (id, category, question, answer, keywords) VALUES (21, 'Registration', 'How do I register as a new patient?', 'Visit the Registration counter on the Ground Floor with a valid ID proof and address proof. A staff member will create your patient file and issue a Patient ID card.', 'registration');
INSERT INTO faqs (id, category, question, answer, keywords) VALUES (22, 'Billing', 'How can I get an itemized bill?', 'Submit an itemized bill request at the Billing counter (Ground Floor, Main Building) with your admission ID. Itemized bills are typically ready within 24 hours.', 'billing');
INSERT INTO faqs (id, category, question, answer, keywords) VALUES (23, 'Insurance', 'Which insurance providers are accepted?', 'Most major insurance providers are accepted through cashless and reimbursement claims. Please check with the Insurance Desk with your policy card for specific coverage.', 'insurance');
INSERT INTO faqs (id, category, question, answer, keywords) VALUES (24, 'Admission', 'What is required for hospital admission?', 'Bring your ID proof, insurance card (if applicable), and pay the admission deposit at the Admission counter. A bed will be allotted based on availability and doctor''s advice.', 'admission');
INSERT INTO faqs (id, category, question, answer, keywords) VALUES (25, 'Laboratory', 'Where is the laboratory located?', 'The Laboratory is on the Ground Floor of the Diagnostics Building. Bring your doctor''s test prescription and Patient ID card.', 'laboratory');
INSERT INTO faqs (id, category, question, answer, keywords) VALUES (26, 'Pharmacy', 'Where can I collect my medicines?', 'The Pharmacy is located on the Ground Floor of the Main Building, next to the OPD waiting area. Submit your doctor''s prescription at the counter.', 'pharmacy');
INSERT INTO faqs (id, category, question, answer, keywords) VALUES (27, 'Emergency', 'What should I do in a medical emergency?', 'Go directly to the Emergency Department (Ground Floor, Emergency Block, red signage) or alert any staff member immediately. Emergency care is available 24x7.', 'emergency');
INSERT INTO faqs (id, category, question, answer, keywords) VALUES (28, 'General', 'What are the hospital''s visiting hours?', 'General visiting hours are 11:00-13:00 and 17:00-19:00 daily. ICU visiting is restricted to immediate family with staff permission.', 'general');
INSERT INTO faqs (id, category, question, answer, keywords) VALUES (29, 'General', 'Is parking available?', 'Yes, multi-level parking is available near the Main Building entrance, with a dedicated drop-off zone for Emergency and elderly patients.', 'general');
INSERT INTO faqs (id, category, question, answer, keywords) VALUES (30, 'Discharge', 'How does the discharge process work?', 'Your doctor issues a discharge summary, the Billing counter settles the final bill, and the nursing station completes discharge formalities before you leave the ward.', 'discharge');
INSERT INTO faqs (id, category, question, answer, keywords) VALUES (31, 'Registration', 'How do I register as a new patient?', 'Visit the Registration counter on the Ground Floor with a valid ID proof and address proof. A staff member will create your patient file and issue a Patient ID card.', 'registration');
INSERT INTO faqs (id, category, question, answer, keywords) VALUES (32, 'Billing', 'How can I get an itemized bill?', 'Submit an itemized bill request at the Billing counter (Ground Floor, Main Building) with your admission ID. Itemized bills are typically ready within 24 hours.', 'billing');
INSERT INTO faqs (id, category, question, answer, keywords) VALUES (33, 'Insurance', 'Which insurance providers are accepted?', 'Most major insurance providers are accepted through cashless and reimbursement claims. Please check with the Insurance Desk with your policy card for specific coverage.', 'insurance');
INSERT INTO faqs (id, category, question, answer, keywords) VALUES (34, 'Admission', 'What is required for hospital admission?', 'Bring your ID proof, insurance card (if applicable), and pay the admission deposit at the Admission counter. A bed will be allotted based on availability and doctor''s advice.', 'admission');
INSERT INTO faqs (id, category, question, answer, keywords) VALUES (35, 'Laboratory', 'Where is the laboratory located?', 'The Laboratory is on the Ground Floor of the Diagnostics Building. Bring your doctor''s test prescription and Patient ID card.', 'laboratory');
INSERT INTO faqs (id, category, question, answer, keywords) VALUES (36, 'Pharmacy', 'Where can I collect my medicines?', 'The Pharmacy is located on the Ground Floor of the Main Building, next to the OPD waiting area. Submit your doctor''s prescription at the counter.', 'pharmacy');
INSERT INTO faqs (id, category, question, answer, keywords) VALUES (37, 'Emergency', 'What should I do in a medical emergency?', 'Go directly to the Emergency Department (Ground Floor, Emergency Block, red signage) or alert any staff member immediately. Emergency care is available 24x7.', 'emergency');
INSERT INTO faqs (id, category, question, answer, keywords) VALUES (38, 'General', 'What are the hospital''s visiting hours?', 'General visiting hours are 11:00-13:00 and 17:00-19:00 daily. ICU visiting is restricted to immediate family with staff permission.', 'general');
INSERT INTO faqs (id, category, question, answer, keywords) VALUES (39, 'General', 'Is parking available?', 'Yes, multi-level parking is available near the Main Building entrance, with a dedicated drop-off zone for Emergency and elderly patients.', 'general');
INSERT INTO faqs (id, category, question, answer, keywords) VALUES (40, 'Discharge', 'How does the discharge process work?', 'Your doctor issues a discharge summary, the Billing counter settles the final bill, and the nursing station completes discharge formalities before you leave the ward.', 'discharge');
INSERT INTO faqs (id, category, question, answer, keywords) VALUES (41, 'Registration', 'How do I register as a new patient?', 'Visit the Registration counter on the Ground Floor with a valid ID proof and address proof. A staff member will create your patient file and issue a Patient ID card.', 'registration');
INSERT INTO faqs (id, category, question, answer, keywords) VALUES (42, 'Billing', 'How can I get an itemized bill?', 'Submit an itemized bill request at the Billing counter (Ground Floor, Main Building) with your admission ID. Itemized bills are typically ready within 24 hours.', 'billing');
INSERT INTO faqs (id, category, question, answer, keywords) VALUES (43, 'Insurance', 'Which insurance providers are accepted?', 'Most major insurance providers are accepted through cashless and reimbursement claims. Please check with the Insurance Desk with your policy card for specific coverage.', 'insurance');
INSERT INTO faqs (id, category, question, answer, keywords) VALUES (44, 'Admission', 'What is required for hospital admission?', 'Bring your ID proof, insurance card (if applicable), and pay the admission deposit at the Admission counter. A bed will be allotted based on availability and doctor''s advice.', 'admission');
INSERT INTO faqs (id, category, question, answer, keywords) VALUES (45, 'Laboratory', 'Where is the laboratory located?', 'The Laboratory is on the Ground Floor of the Diagnostics Building. Bring your doctor''s test prescription and Patient ID card.', 'laboratory');
INSERT INTO faqs (id, category, question, answer, keywords) VALUES (46, 'Pharmacy', 'Where can I collect my medicines?', 'The Pharmacy is located on the Ground Floor of the Main Building, next to the OPD waiting area. Submit your doctor''s prescription at the counter.', 'pharmacy');
INSERT INTO faqs (id, category, question, answer, keywords) VALUES (47, 'Emergency', 'What should I do in a medical emergency?', 'Go directly to the Emergency Department (Ground Floor, Emergency Block, red signage) or alert any staff member immediately. Emergency care is available 24x7.', 'emergency');
INSERT INTO faqs (id, category, question, answer, keywords) VALUES (48, 'General', 'What are the hospital''s visiting hours?', 'General visiting hours are 11:00-13:00 and 17:00-19:00 daily. ICU visiting is restricted to immediate family with staff permission.', 'general');
INSERT INTO faqs (id, category, question, answer, keywords) VALUES (49, 'General', 'Is parking available?', 'Yes, multi-level parking is available near the Main Building entrance, with a dedicated drop-off zone for Emergency and elderly patients.', 'general');
INSERT INTO faqs (id, category, question, answer, keywords) VALUES (50, 'Discharge', 'How does the discharge process work?', 'Your doctor issues a discharge summary, the Billing counter settles the final bill, and the nursing station completes discharge formalities before you leave the ward.', 'discharge');
INSERT INTO faqs (id, category, question, answer, keywords) VALUES (51, 'Registration', 'How do I register as a new patient?', 'Visit the Registration counter on the Ground Floor with a valid ID proof and address proof. A staff member will create your patient file and issue a Patient ID card.', 'registration');
INSERT INTO faqs (id, category, question, answer, keywords) VALUES (52, 'Billing', 'How can I get an itemized bill?', 'Submit an itemized bill request at the Billing counter (Ground Floor, Main Building) with your admission ID. Itemized bills are typically ready within 24 hours.', 'billing');
INSERT INTO faqs (id, category, question, answer, keywords) VALUES (53, 'Insurance', 'Which insurance providers are accepted?', 'Most major insurance providers are accepted through cashless and reimbursement claims. Please check with the Insurance Desk with your policy card for specific coverage.', 'insurance');
INSERT INTO faqs (id, category, question, answer, keywords) VALUES (54, 'Admission', 'What is required for hospital admission?', 'Bring your ID proof, insurance card (if applicable), and pay the admission deposit at the Admission counter. A bed will be allotted based on availability and doctor''s advice.', 'admission');
INSERT INTO faqs (id, category, question, answer, keywords) VALUES (55, 'Laboratory', 'Where is the laboratory located?', 'The Laboratory is on the Ground Floor of the Diagnostics Building. Bring your doctor''s test prescription and Patient ID card.', 'laboratory');
INSERT INTO faqs (id, category, question, answer, keywords) VALUES (56, 'Pharmacy', 'Where can I collect my medicines?', 'The Pharmacy is located on the Ground Floor of the Main Building, next to the OPD waiting area. Submit your doctor''s prescription at the counter.', 'pharmacy');
INSERT INTO faqs (id, category, question, answer, keywords) VALUES (57, 'Emergency', 'What should I do in a medical emergency?', 'Go directly to the Emergency Department (Ground Floor, Emergency Block, red signage) or alert any staff member immediately. Emergency care is available 24x7.', 'emergency');
INSERT INTO faqs (id, category, question, answer, keywords) VALUES (58, 'General', 'What are the hospital''s visiting hours?', 'General visiting hours are 11:00-13:00 and 17:00-19:00 daily. ICU visiting is restricted to immediate family with staff permission.', 'general');
INSERT INTO faqs (id, category, question, answer, keywords) VALUES (59, 'General', 'Is parking available?', 'Yes, multi-level parking is available near the Main Building entrance, with a dedicated drop-off zone for Emergency and elderly patients.', 'general');
INSERT INTO faqs (id, category, question, answer, keywords) VALUES (60, 'Discharge', 'How does the discharge process work?', 'Your doctor issues a discharge summary, the Billing counter settles the final bill, and the nursing station completes discharge formalities before you leave the ward.', 'discharge');

-- hospital_map_points: 60 rows
INSERT INTO hospital_map_points (id, name, category, building_name, floor_number, x_coordinate, y_coordinate, description) VALUES (1, 'Reception - Cancer Care Building', 'Reception', 'Cancer Care Building', 3, 7.89, 60.25, 'Reception - Cancer Care Building located in Cancer Care Building.');
INSERT INTO hospital_map_points (id, name, category, building_name, floor_number, x_coordinate, y_coordinate, description) VALUES (2, 'ATM - Diagnostics Building', 'ATM', 'Diagnostics Building', 2, 32.12, 8.01, 'ATM - Diagnostics Building located in Diagnostics Building.');
INSERT INTO hospital_map_points (id, name, category, building_name, floor_number, x_coordinate, y_coordinate, description) VALUES (3, 'Pharmacy - Cancer Care Building', 'Pharmacy', 'Cancer Care Building', 3, 60.26, 42.61, 'Pharmacy - Cancer Care Building located in Cancer Care Building.');
INSERT INTO hospital_map_points (id, name, category, building_name, floor_number, x_coordinate, y_coordinate, description) VALUES (4, 'Emergency - Emergency Block', 'Emergency', 'Emergency Block', 3, 4.24, 87.0, 'Emergency - Emergency Block located in Emergency Block.');
INSERT INTO hospital_map_points (id, name, category, building_name, floor_number, x_coordinate, y_coordinate, description) VALUES (5, 'Billing Counter - Cancer Care Building', 'Billing Counter', 'Cancer Care Building', 3, 27.46, 98.0, 'Billing Counter - Cancer Care Building located in Cancer Care Building.');
INSERT INTO hospital_map_points (id, name, category, building_name, floor_number, x_coordinate, y_coordinate, description) VALUES (6, 'Reception - Main Building', 'Reception', 'Main Building', 3, 36.33, 80.11, 'Reception - Main Building located in Main Building.');
INSERT INTO hospital_map_points (id, name, category, building_name, floor_number, x_coordinate, y_coordinate, description) VALUES (7, 'Entrance - Diagnostics Building', 'Entrance', 'Diagnostics Building', 1, 84.87, 67.81, 'Entrance - Diagnostics Building located in Diagnostics Building.');
INSERT INTO hospital_map_points (id, name, category, building_name, floor_number, x_coordinate, y_coordinate, description) VALUES (8, 'Entrance - Emergency Block', 'Entrance', 'Emergency Block', 1, 6.72, 77.85, 'Entrance - Emergency Block located in Emergency Block.');
INSERT INTO hospital_map_points (id, name, category, building_name, floor_number, x_coordinate, y_coordinate, description) VALUES (9, 'Emergency - Cancer Care Building', 'Emergency', 'Cancer Care Building', 3, 94.95, 3.24, 'Emergency - Cancer Care Building located in Cancer Care Building.');
INSERT INTO hospital_map_points (id, name, category, building_name, floor_number, x_coordinate, y_coordinate, description) VALUES (10, 'Cafeteria - Diagnostics Building', 'Cafeteria', 'Diagnostics Building', 2, 37.2, 76.31, 'Cafeteria - Diagnostics Building located in Diagnostics Building.');
INSERT INTO hospital_map_points (id, name, category, building_name, floor_number, x_coordinate, y_coordinate, description) VALUES (11, 'ATM - Diagnostics Building', 'ATM', 'Diagnostics Building', 2, 39.8, 64.96, 'ATM - Diagnostics Building located in Diagnostics Building.');
INSERT INTO hospital_map_points (id, name, category, building_name, floor_number, x_coordinate, y_coordinate, description) VALUES (12, 'Reception - Diagnostics Building', 'Reception', 'Diagnostics Building', 0, 73.57, 49.9, 'Reception - Diagnostics Building located in Diagnostics Building.');
INSERT INTO hospital_map_points (id, name, category, building_name, floor_number, x_coordinate, y_coordinate, description) VALUES (13, 'ATM - Emergency Block', 'ATM', 'Emergency Block', 0, 26.18, 26.03, 'ATM - Emergency Block located in Emergency Block.');
INSERT INTO hospital_map_points (id, name, category, building_name, floor_number, x_coordinate, y_coordinate, description) VALUES (14, 'Lab - Emergency Block', 'Lab', 'Emergency Block', 4, 28.56, 91.65, 'Lab - Emergency Block located in Emergency Block.');
INSERT INTO hospital_map_points (id, name, category, building_name, floor_number, x_coordinate, y_coordinate, description) VALUES (15, 'Lab - Emergency Block', 'Lab', 'Emergency Block', 0, 13.57, 7.41, 'Lab - Emergency Block located in Emergency Block.');
INSERT INTO hospital_map_points (id, name, category, building_name, floor_number, x_coordinate, y_coordinate, description) VALUES (16, 'Cafeteria - Diagnostics Building', 'Cafeteria', 'Diagnostics Building', 0, 81.05, 96.76, 'Cafeteria - Diagnostics Building located in Diagnostics Building.');
INSERT INTO hospital_map_points (id, name, category, building_name, floor_number, x_coordinate, y_coordinate, description) VALUES (17, 'Emergency - Cancer Care Building', 'Emergency', 'Cancer Care Building', 0, 55.0, 29.04, 'Emergency - Cancer Care Building located in Cancer Care Building.');
INSERT INTO hospital_map_points (id, name, category, building_name, floor_number, x_coordinate, y_coordinate, description) VALUES (18, 'Pulmonology', 'Department', 'Cancer Care Building', 2, 50.88, 12.14, 'Pulmonology located in Cancer Care Building.');
INSERT INTO hospital_map_points (id, name, category, building_name, floor_number, x_coordinate, y_coordinate, description) VALUES (19, 'Pediatrics', 'Department', 'Diagnostics Building', 3, 2.63, 55.4, 'Pediatrics located in Diagnostics Building.');
INSERT INTO hospital_map_points (id, name, category, building_name, floor_number, x_coordinate, y_coordinate, description) VALUES (20, 'Cafeteria - Cancer Care Building', 'Cafeteria', 'Cancer Care Building', 4, 12.98, 88.42, 'Cafeteria - Cancer Care Building located in Cancer Care Building.');
INSERT INTO hospital_map_points (id, name, category, building_name, floor_number, x_coordinate, y_coordinate, description) VALUES (21, 'Pharmacy - Main Building', 'Pharmacy', 'Main Building', 3, 99.96, 71.89, 'Pharmacy - Main Building located in Main Building.');
INSERT INTO hospital_map_points (id, name, category, building_name, floor_number, x_coordinate, y_coordinate, description) VALUES (22, 'Parking - Emergency Block', 'Parking', 'Emergency Block', 4, 7.38, 97.24, 'Parking - Emergency Block located in Emergency Block.');
INSERT INTO hospital_map_points (id, name, category, building_name, floor_number, x_coordinate, y_coordinate, description) VALUES (23, 'Cafeteria - Main Building', 'Cafeteria', 'Main Building', 3, 68.01, 34.45, 'Cafeteria - Main Building located in Main Building.');
INSERT INTO hospital_map_points (id, name, category, building_name, floor_number, x_coordinate, y_coordinate, description) VALUES (24, 'Psychiatry', 'Department', 'Diagnostics Building', 4, 91.07, 5.54, 'Psychiatry located in Diagnostics Building.');
INSERT INTO hospital_map_points (id, name, category, building_name, floor_number, x_coordinate, y_coordinate, description) VALUES (25, 'ATM - Main Building', 'ATM', 'Main Building', 1, 30.41, 16.2, 'ATM - Main Building located in Main Building.');
INSERT INTO hospital_map_points (id, name, category, building_name, floor_number, x_coordinate, y_coordinate, description) VALUES (26, 'Emergency - Diagnostics Building', 'Emergency', 'Diagnostics Building', 4, 89.49, 84.59, 'Emergency - Diagnostics Building located in Diagnostics Building.');
INSERT INTO hospital_map_points (id, name, category, building_name, floor_number, x_coordinate, y_coordinate, description) VALUES (27, 'Lab - Cancer Care Building', 'Lab', 'Cancer Care Building', 4, 27.45, 62.5, 'Lab - Cancer Care Building located in Cancer Care Building.');
INSERT INTO hospital_map_points (id, name, category, building_name, floor_number, x_coordinate, y_coordinate, description) VALUES (28, 'ATM - Main Building', 'ATM', 'Main Building', 1, 59.18, 58.06, 'ATM - Main Building located in Main Building.');
INSERT INTO hospital_map_points (id, name, category, building_name, floor_number, x_coordinate, y_coordinate, description) VALUES (29, 'Billing Counter - Diagnostics Building', 'Billing Counter', 'Diagnostics Building', 4, 33.76, 92.39, 'Billing Counter - Diagnostics Building located in Diagnostics Building.');
INSERT INTO hospital_map_points (id, name, category, building_name, floor_number, x_coordinate, y_coordinate, description) VALUES (30, 'Entrance - Main Building', 'Entrance', 'Main Building', 0, 4.55, 64.15, 'Entrance - Main Building located in Main Building.');
INSERT INTO hospital_map_points (id, name, category, building_name, floor_number, x_coordinate, y_coordinate, description) VALUES (31, 'Lab - Cancer Care Building', 'Lab', 'Cancer Care Building', 4, 41.66, 63.9, 'Lab - Cancer Care Building located in Cancer Care Building.');
INSERT INTO hospital_map_points (id, name, category, building_name, floor_number, x_coordinate, y_coordinate, description) VALUES (32, 'ATM - Emergency Block', 'ATM', 'Emergency Block', 2, 64.19, 30.21, 'ATM - Emergency Block located in Emergency Block.');
INSERT INTO hospital_map_points (id, name, category, building_name, floor_number, x_coordinate, y_coordinate, description) VALUES (33, 'Parking - Diagnostics Building', 'Parking', 'Diagnostics Building', 2, 45.35, 68.86, 'Parking - Diagnostics Building located in Diagnostics Building.');
INSERT INTO hospital_map_points (id, name, category, building_name, floor_number, x_coordinate, y_coordinate, description) VALUES (34, 'Cafeteria - Diagnostics Building', 'Cafeteria', 'Diagnostics Building', 3, 48.43, 20.4, 'Cafeteria - Diagnostics Building located in Diagnostics Building.');
INSERT INTO hospital_map_points (id, name, category, building_name, floor_number, x_coordinate, y_coordinate, description) VALUES (35, 'Emergency - Diagnostics Building', 'Emergency', 'Diagnostics Building', 2, 73.42, 86.08, 'Emergency - Diagnostics Building located in Diagnostics Building.');
INSERT INTO hospital_map_points (id, name, category, building_name, floor_number, x_coordinate, y_coordinate, description) VALUES (36, 'Ophthalmology', 'Department', 'Emergency Block', 4, 56.17, 31.91, 'Ophthalmology located in Emergency Block.');
INSERT INTO hospital_map_points (id, name, category, building_name, floor_number, x_coordinate, y_coordinate, description) VALUES (37, 'Reception - Emergency Block', 'Reception', 'Emergency Block', 2, 44.96, 14.09, 'Reception - Emergency Block located in Emergency Block.');
INSERT INTO hospital_map_points (id, name, category, building_name, floor_number, x_coordinate, y_coordinate, description) VALUES (38, 'Pharmacy - Main Building', 'Pharmacy', 'Main Building', 3, 86.42, 41.81, 'Pharmacy - Main Building located in Main Building.');
INSERT INTO hospital_map_points (id, name, category, building_name, floor_number, x_coordinate, y_coordinate, description) VALUES (39, 'Emergency - Diagnostics Building', 'Emergency', 'Diagnostics Building', 4, 72.11, 18.98, 'Emergency - Diagnostics Building located in Diagnostics Building.');
INSERT INTO hospital_map_points (id, name, category, building_name, floor_number, x_coordinate, y_coordinate, description) VALUES (40, 'Cafeteria - Diagnostics Building', 'Cafeteria', 'Diagnostics Building', 4, 46.68, 87.91, 'Cafeteria - Diagnostics Building located in Diagnostics Building.');
INSERT INTO hospital_map_points (id, name, category, building_name, floor_number, x_coordinate, y_coordinate, description) VALUES (41, 'Entrance - Emergency Block', 'Entrance', 'Emergency Block', 0, 94.52, 50.54, 'Entrance - Emergency Block located in Emergency Block.');
INSERT INTO hospital_map_points (id, name, category, building_name, floor_number, x_coordinate, y_coordinate, description) VALUES (42, 'Lab - Diagnostics Building', 'Lab', 'Diagnostics Building', 4, 35.29, 5.05, 'Lab - Diagnostics Building located in Diagnostics Building.');
INSERT INTO hospital_map_points (id, name, category, building_name, floor_number, x_coordinate, y_coordinate, description) VALUES (43, 'Billing Counter - Emergency Block', 'Billing Counter', 'Emergency Block', 3, 28.57, 0.82, 'Billing Counter - Emergency Block located in Emergency Block.');
INSERT INTO hospital_map_points (id, name, category, building_name, floor_number, x_coordinate, y_coordinate, description) VALUES (44, 'Parking - Main Building', 'Parking', 'Main Building', 1, 88.25, 72.75, 'Parking - Main Building located in Main Building.');
INSERT INTO hospital_map_points (id, name, category, building_name, floor_number, x_coordinate, y_coordinate, description) VALUES (45, 'Emergency - Emergency Block', 'Emergency', 'Emergency Block', 0, 40.06, 57.03, 'Emergency - Emergency Block located in Emergency Block.');
INSERT INTO hospital_map_points (id, name, category, building_name, floor_number, x_coordinate, y_coordinate, description) VALUES (46, 'Emergency - Diagnostics Building', 'Emergency', 'Diagnostics Building', 4, 28.86, 38.63, 'Emergency - Diagnostics Building located in Diagnostics Building.');
INSERT INTO hospital_map_points (id, name, category, building_name, floor_number, x_coordinate, y_coordinate, description) VALUES (47, 'ATM - Emergency Block', 'ATM', 'Emergency Block', 2, 82.53, 62.32, 'ATM - Emergency Block located in Emergency Block.');
INSERT INTO hospital_map_points (id, name, category, building_name, floor_number, x_coordinate, y_coordinate, description) VALUES (48, 'Neurology', 'Department', 'Main Building', 3, 37.32, 98.68, 'Neurology located in Main Building.');
INSERT INTO hospital_map_points (id, name, category, building_name, floor_number, x_coordinate, y_coordinate, description) VALUES (49, 'Oncology', 'Department', 'Cancer Care Building', 4, 50.91, 50.01, 'Oncology located in Cancer Care Building.');
INSERT INTO hospital_map_points (id, name, category, building_name, floor_number, x_coordinate, y_coordinate, description) VALUES (50, 'Entrance - Main Building', 'Entrance', 'Main Building', 1, 71.36, 80.4, 'Entrance - Main Building located in Main Building.');
INSERT INTO hospital_map_points (id, name, category, building_name, floor_number, x_coordinate, y_coordinate, description) VALUES (51, 'Pharmacy', 'Department', 'Emergency Block', 4, 13.98, 93.14, 'Pharmacy located in Emergency Block.');
INSERT INTO hospital_map_points (id, name, category, building_name, floor_number, x_coordinate, y_coordinate, description) VALUES (52, 'Dentistry', 'Department', 'Cancer Care Building', 4, 73.93, 29.92, 'Dentistry located in Cancer Care Building.');
INSERT INTO hospital_map_points (id, name, category, building_name, floor_number, x_coordinate, y_coordinate, description) VALUES (53, 'ATM - Cancer Care Building', 'ATM', 'Cancer Care Building', 4, 53.23, 70.87, 'ATM - Cancer Care Building located in Cancer Care Building.');
INSERT INTO hospital_map_points (id, name, category, building_name, floor_number, x_coordinate, y_coordinate, description) VALUES (54, 'Cafeteria - Cancer Care Building', 'Cafeteria', 'Cancer Care Building', 0, 36.84, 67.38, 'Cafeteria - Cancer Care Building located in Cancer Care Building.');
INSERT INTO hospital_map_points (id, name, category, building_name, floor_number, x_coordinate, y_coordinate, description) VALUES (55, 'Billing Counter - Emergency Block', 'Billing Counter', 'Emergency Block', 2, 79.68, 72.53, 'Billing Counter - Emergency Block located in Emergency Block.');
INSERT INTO hospital_map_points (id, name, category, building_name, floor_number, x_coordinate, y_coordinate, description) VALUES (56, 'Billing Counter - Main Building', 'Billing Counter', 'Main Building', 3, 26.55, 65.56, 'Billing Counter - Main Building located in Main Building.');
INSERT INTO hospital_map_points (id, name, category, building_name, floor_number, x_coordinate, y_coordinate, description) VALUES (57, 'Entrance - Diagnostics Building', 'Entrance', 'Diagnostics Building', 4, 48.04, 52.42, 'Entrance - Diagnostics Building located in Diagnostics Building.');
INSERT INTO hospital_map_points (id, name, category, building_name, floor_number, x_coordinate, y_coordinate, description) VALUES (58, 'Pediatrics', 'Department', 'Emergency Block', 0, 57.26, 70.05, 'Pediatrics located in Emergency Block.');
INSERT INTO hospital_map_points (id, name, category, building_name, floor_number, x_coordinate, y_coordinate, description) VALUES (59, 'Entrance - Diagnostics Building', 'Entrance', 'Diagnostics Building', 3, 31.37, 15.14, 'Entrance - Diagnostics Building located in Diagnostics Building.');
INSERT INTO hospital_map_points (id, name, category, building_name, floor_number, x_coordinate, y_coordinate, description) VALUES (60, 'Parking - Diagnostics Building', 'Parking', 'Diagnostics Building', 4, 77.5, 92.05, 'Parking - Diagnostics Building located in Diagnostics Building.');
